"","spec.name","Old.name","scientificName","Fuzzy.dist","taxonRank","taxonomicStatus"
"1","Centaria glauca","Centaurea glauca","Amberboa glauca",2,"species","Accepted"
"2","Centaria glauca","Centaurea glauca","Centaurea calocephala",2,"species","Accepted"
"3","Centaria glauca","Cervaria glauca","Peucedanum cervaria",2,"species","Accepted"
"4","Centaria glauca","Setaria glauca","Cenchrus americanus",2,"species","Accepted"
"5","Savonia borealis","","Mahonia borealis",2,"species","Unchecked"
"6","Lerinaea lorealis","","Imerinaea",11,"genus","Accepted"
"7","Vaccinium vitis","","Vaccinium viride",3,"species","Accepted"
"8","Vaccinium vitis","","Vaccinium viride",3,"species","Accepted"
"9","Hygrophylla scrphyllum","","Hygrophila",13,"genus","Accepted"
"10","Hygrophylla scrphyllum","","Hygrophila",13,"genus","Accepted"
"11","Hygrophylla scrphyllum","Hygrophila","Dumortiera",13,"genus","Accepted"
"12","Hygrophylla scrphyllum","Hygropyla","Dumortiera",13,"genus","Accepted"
"13","Hygrophylla scrphyllum","Nyrophylla","Persea",13,"genus","Accepted"
"14","Venguria spinosa","Vangueria spinosa","Meyna spinosa",2,"species","Accepted"
"15","Symphoricapri vulgaris","","Symphoricarpos vulgaris",3,"species","Unchecked"
"16","Foliis amorphae","Folis nudicaulis","Teesdalia nudicaulis",11,"species","Accepted"
"17","Asteris alpini","Pteris alpinii","Pteris vittata  subsp. vittata",3,"subspecies","Accepted"
"18","Berberidis vulgaris","","Berberis vulgaris",2,"species","Accepted"
"19","Enothera biennis","","Oenothera biennis",2,"species","Accepted"
"20","Hamamelidis japonicae","","Hamamelis japonica",3,"species","Accepted"
"21","Lachia pulchella","Lawia pulchella","Dalzellia ceylanica",2,"species","Accepted"
"22","Lachia pulchella","","Lechea pulchella",2,"species","Accepted"
"23","Houstoniatum coerulea","","Houstonia coerulea var. elatior",16,"variety","Unchecked"
"24","Berberidis laurifolia","","Aster berberidis",16,"species","Unchecked"
"25","Rubus infestans","","Rubus instans",2,"species","Unchecked"
"26","Rubus infestans","","Rubus infestus",2,"species","Unchecked"
"27","Rubus infestans","","Rubus infestus",2,"species","Unchecked"
"28","Rubus infestans","","Rubus infestus",2,"species","Unchecked"
"29","Rubus infestans","","Rubus infestus",2,"species","Unchecked"
"30","Rubus infestans","Rubus infestus","Rubus infestior",2,"species","Accepted"
"31","Rubus infestans","","Rubus infestus",2,"species","Unchecked"
"32","Rubus infestans","","Rubus infestus",2,"species","Unchecked"
"33","Rubus infestans","","Rubus infestus",2,"species","Accepted"
"34","Couyza ivaefolia","Conyza","Erigeron",11,"genus","Accepted"
"35","Elaeagni japonicae","","Elaeagia",10,"genus","Accepted"
"36","Elaeagni japonicae","","Elaeagnus",11,"genus","Accepted"
"37","Osmorhiza longis","","Osmorhiza longistylis",5,"species","Accepted"
"38","Petasitidis spurii","","Petasitis",9,"genus","Unchecked"
"39","Baillerie asperae","",NA,NA,NA,NA
"40","Crepidis biennis","Crepis biennis","Crepis lacera  subsp. lacera",2,"subspecies","Accepted"
"41","Crepidis biennis","Crepis biennis","Crepis vesicaria  subsp. taraxacifolia",2,"subspecies","Accepted"
"42","Crepidis biennis","","Crepis biennis",2,"species","Accepted"
"43","Crepidis biennis","Crepis biennis","Crepis runcinata  subsp. runcinata",2,"subspecies","Accepted"
"44","Crepidis biennis","Crepis biennis","Crepis marschallii",2,"species","Accepted"
"45","Thalictrum alpini","","Thalictrum alpinum",2,"species","Accepted"
"46","Thalictrum alpini","Thalictrum albinii","Thalictrum speciosissimum  subsp. albini",2,"subspecies","Accepted"
"47","Thalictgri anemonoides","Thalictrum anemonoides","Anemonella thalictroides",3,"species","Accepted"
"48","Thalictrum minoris","","Thalictrum morisonii",5,"species","Accepted"
"49","Rhytisynia umbellata","",NA,NA,NA,NA
"50","Aleyrodes citri","",NA,NA,NA,NA
"51","Theretra nessus","",NA,NA,NA,NA
"52","Alyzzum murale","Alyssum murale","Odontarrhena muralis",2,"species","Accepted"
"53","Alyzzum murale","Alyssum murale","Odontarrhena alpestris",2,"species","Accepted"
"54","Alyzzum murale","Alyssum murale","Odontarrhena alpestris",2,"species","Accepted"
"55","Raphani sativi","","Raphanus",7,"genus","Accepted"
"56","Sinapidis albae","",NA,NA,NA,NA
"57","Sinapidis arvensis","","Sinapis arvensis",2,"species","Accepted"
"58","Sisymbria officinale","","Sisymbrium officinale",2,"species","Accepted"
"59","Cersii arvensis","",NA,NA,NA,NA
"60","Almes grandis","","Abies grandis",2,"species","Accepted"
"61","Almes grandis","Abies grandis","Abies amabilis",2,"species","Accepted"
"62","Gila pungens","Gilia pungens","Navarretia squarrosa",1,"species","Accepted"
"63","Gila pungens","Gilia pungens","Linanthus pungens",1,"species","Accepted"
"64","Cestri macrophylli","","Cestron",12,"genus","Unchecked"
"65","Cestri macrophylli","","Cestrum",12,"genus","Accepted"
"66","Agastache scrophulariaefolia","","Agastache scrophulariifolia",2,"species","Accepted"
"67","Athyrium filix","Athyrium flexile","Athyrium distentifolium",5,"species","Accepted"
"68","Clea europaea","","Olea europaea",1,"species","Accepted"
"69","Reticulitermes flavipes","",NA,NA,NA,NA
"70","Quercus lignum","Quercus ligustica","Quercus pubescens",6,"species","Accepted"
"71","Carex luzulaefolia","","Carex luzulifolia",2,"species","Accepted"
"72","Savana borealis","","Sarana",10,"genus","Unchecked"
"73","Carex brunnescentis","","Carex brunnescens",2,"species","Accepted"
"74","Scirups austriacus","",NA,NA,NA,NA
"75","Tavastia australis","",NA,NA,NA,NA
"76","Donacis arundinaceae","Donacium","Arundo",13,"genus","Accepted"
"77","Yuca brevifolia","","Yucca brevifolia",1,"species","Accepted"
"78","Yuca brevifolia","Yucca brevifolia","Yucca baccata  var. brevifolia",1,"variety","Accepted"
"79","Heiachium lanatum","Hedychium lanatum","Riedelia lanata",2,"species","Accepted"
"80","Pampa apud","Pamea","Terminalia",6,"genus","Accepted"
"81","Pampa apud","Papa","Pellia",6,"genus","Accepted"
"82","Vernoniae patentis","","Vernonia patentissima",5,"species","Accepted"
"83","Rubus glandulicola","Rubus glandulifolius","Rubus odoratus",4,"species","Accepted"
"84","Dialeuroides citri","",NA,NA,NA,NA
"85","Paraleyrodes perseae","",NA,NA,NA,NA
"86","Achyla triphylla","","Enchylaena",11,"genus","Accepted"
"87","Achyla triphylla","","Pachylaena",11,"genus","Accepted"
"88","Asceplias cornuta","Asclepias cornuta","Gomphocarpus fruticosus  subsp. fruticosus",2,"subspecies","Accepted"
"89","Buxi sempervirentis","","Butia",15,"genus","Accepted"
"90","Buxi sempervirentis","","Buxus",15,"genus","Accepted"
"91","Buxi sempervirentis","","Nuxia",16,"genus","Accepted"
"92","Buxi sempervirentis","Bauxia","Cipura",16,"genus","Accepted"
"93","Lathryi nigri","Lathriogyna","Amphithalea",7,"genus","Accepted"
"94","Lathyrus nigri","","Lathyrus niger",2,"species","Accepted"
"95","Guaduae taquarae","","Guadua",10,"genus","Accepted"
"96","Phormia regina","Euphorbia regina","Euphorbia jolkinii",4,"species","Accepted"
"97","Blatta orientalis","","Blakea orientalis",2,"species","Accepted"
"98","Blechni volubilis","","Blechnum",10,"genus","Accepted"
"99","Antiaridis toxicaria","","Antiaris toxicaria",2,"species","Accepted"
"100","Acalyphae macrostegiae","","Acalypha",14,"genus","Accepted"
"101","Prini coriaceae","","Pirinia",10,"genus","Unchecked"
"102","Prini coriaceae","","Plinia",10,"genus","Accepted"
"103","Prini coriaceae","Prenia","Mesembryanthemum  sect. Flaviflora",10,"section","Accepted"
"104","Prini coriaceae","","Prinos",10,"genus","Accepted"
"105","Prini coriaceae","","Trinia",10,"genus","Accepted"
"106","Olacis imbricatae","Neolacis","Apinagia",14,"genus","Accepted"
"107","Gelsemium sempervirentis","","Gelsemium sempervirens",2,"species","Accepted"
"108","Carya illinoensis","Carex illinoensis","Carex conoidea",2,"species","Accepted"
"109","Carya illinoensis","","Carya illinoinensis",2,"species","Accepted"
"110","Euonymus latifoliae","","Euonymus latifolius",2,"species","Accepted"
"111","Euonymus latifoliae","Euonymus latifolius","Euonymus europaeus",2,"species","Accepted"
"112","Euonymus latifoliae","Euonymus latifolius","Euonymus oxyphyllus",2,"species","Accepted"
"113","Podocarpi coriacei","Podocarpium","Hylodesmum",9,"genus","Accepted"
"114","Podocarpi coriacei","","Podocarpus",10,"genus","Accepted"
"115","Vaccinium vitis","","Vaccinium viride",3,"species","Accepted"
"116","Vaccinium vitis","","Vaccinium viride",3,"species","Accepted"
"117","Roman pottiana","Romana","Buddleja",8,"genus","Accepted"
"118","Pandani merrillii","Pandanus merrillii","Benstonea affinis",2,"species","Accepted"
"119","Panicum patentis","Panicum patens","Cyrtococcum patens",2,"species","Accepted"
"120","Panicum patentis","Panicum patens","Panicum hochstetteri",2,"species","Accepted"
"121","Sitona cylindricollis","","Simonachne",14,"genus","Unchecked"
"122","Phorodendri undulati","","Phoradendron",10,"genus","Accepted"
"123","Phorodendri undulati","Psorodendron","Psorothamnus",10,"genus","Accepted"
"124","Laurel umbellularia","","Laurelia",11,"genus","Accepted"
"125","Zelloca edulis","","Melloca",8,"genus","Unchecked"
"126","Leptochili alieni","","Leptochilus",8,"genus","Accepted"
"127","Lampsana communis","","Lapsana communis",1,"species","Accepted"
"128","Euonmyus europaeus","","Euonymus europaeus",2,"species","Accepted"
"129","Asp. dryops","Ceropegia lucida subsp. dryophila","Ceropegia dryophila",24,"species","Accepted"
"130","Asp. obtus","Zea mays subsp. obtusa","Zea mays",13,"species","Accepted"
"131","Sytno prope","","Synoum",7,"genus","Accepted"
"132","Camelia theae","Camellia thea","Camellia sinensis",2,"species","Accepted"
"133","Acnisti arborescentis","","Acnistus",14,"genus","Unchecked"
"134","Ramulis fagi","","Rubus spiniramulis",13,"species","Unchecked"
"135","Ramulis aceris","","Rubus spiniramulis",12,"species","Unchecked"
"136","Pithecolobium dulce","Pithecollobium dulce","Pithecellobium dulce",1,"species","Accepted"
"137","Galium molluginis","Galium molluginoides","Asperula molluginoides",3,"species","Accepted"
"138","Pin. sylvestris","","Pinus sylvestris",2,"species","Accepted"
"139","Pruno cerasi","","Prunus cerasia",3,"species","Accepted"
"140","Coccus viridis","","Costus viridis",2,"species","Accepted"
"141","Coccus viridis","Cactus viridis","Mammillaria karwinskiana",2,"species","Accepted"
"142","Coccus viridis","Coleus viridis","Plectranthus viridis",2,"species","Accepted"
"143","Microsiphum sanborni","Microsyphus","Striga",10,"genus","Accepted"
"144","Circus undulatus","Cnicus undulatus","Cirsium undulatum",2,"species","Accepted"
"145","Circus undulatus","Cereus undulatus","Acanthocereus tetragonus",2,"species","Accepted"
"146","Circus undulatus","","Cereus undulatus",2,"species","Accepted"
"147","Circus undulatus","","Cereus undulatus",2,"species","Accepted"
"148","Circus undulatus","Cistus undulatus","Cistus creticus",2,"species","Accepted"
"149","Phylacca decandra","Phytolacca decandra","Phytolacca americana",2,"species","Accepted"
"150","Actinosomatis adianti","",NA,NA,NA,NA
"151","Rhamnus laceolatus","Ozothamnus lanceolatus","Ozothamnus glomeratus",5,"species","Accepted"
"152","Acanthulipes lonicerae","",NA,NA,NA,NA
"153","Cajamas indicus","Cajanus indicus","Cajanus cajan",2,"species","Accepted"
"154","Ptilona virgata","Ptiloria virgata","Stephanomeria virgata  subsp. virgata",2,"subspecies","Accepted"
"155","Gleditochia triacanthos","Gleditschia triacanthos","Gleditsia triacanthos",1,"species","Accepted"
"156","Rhus copallinae","","Rhus copallinum",2,"species","Accepted"
"157","Rhus copallinae","","Rhus corallina",2,"species","Unchecked"
"158","Iberidis umbellatae","","Aster berberidis",16,"species","Unchecked"
"159","Diodeae teretis","",NA,NA,NA,NA
"160","Sicya angulatus","","Sicyos angulatus",2,"species","Accepted"
"161","Opophilus gregarius","","Rubus napophilus",14,"species","Unchecked"
"162","Opophilus copiosus","","Rubus napophilus",13,"species","Unchecked"
"163","Ailanthi glandulosi","","Ailanthus",10,"genus","Accepted"
"164","Aiponis tuberosae","",NA,NA,NA,NA
"165","Eleaguns argentea","",NA,NA,NA,NA
"166","Dolechampia mucunaecola","","Dalechampia",13,"genus","Accepted"
"167","Decandra verticillata","Leandra verticillata","Miconia verticillifolia",2,"species","Accepted"
"168","Vassiae occidentale","Inga quassiaefolia","Inga pilosula",16,"species","Accepted"
"169","Vernoula baldwinii","","Vernonia baldwinii",2,"species","Accepted"
"170","Hartmanii speciosa","Hartmannia speciosa","Oenothera speciosa",2,"species","Accepted"
"171","Osmarrhiza longistylis","","Osmorhiza longistylis",2,"species","Accepted"
"172","Oxydendron arboreum","","Oxydendrum arboreum",2,"species","Accepted"
"173","Penstemonis cobaeae","","Penstemon",10,"genus","Accepted"
"174","Aradus hypogaea","Apradus","Arctopus",10,"genus","Accepted"
"175","Aradus hypogaea","","Aragus",10,"genus","Unchecked"
"176","Rhamnus discoloris","Rhamnus discolor","Frangula discolor",2,"species","Accepted"
"177","Rhamnus discoloris","Rhamnus discolor","Frangula discolor",2,"species","Accepted"
"178","Polygonae convolvuli","","Polygonum convolvuliforme",7,"species","Unchecked"
"179","Polygonum hydropiperis","Polygonum hydropiper","Persicaria hydropiper",2,"species","Accepted"
"180","Asclepiades jamesii","Asclepias jamesii","Asclepias latifolia",2,"species","Accepted"
"181","Rhamnus catharicus","","Rhamnus",11,"genus","Accepted"
"182","Ricini communis","","Ricinus communis",2,"species","Accepted"
"183","Rosarum cultarum","Rosa umbrosa","Rosa gallica",9,"species","Accepted"
"184","Eriogeni tomentosi","","Erigenia",11,"genus","Accepted"
"185","Eriogeni tomentosi","Eriogynia","Luetkea",11,"genus","Accepted"
"186","Sapii veri","","Sapium",6,"genus","Accepted"
"187","Sapii veri","","Sapria",6,"genus","Accepted"
"188","Sesame indica","","Sesamum",8,"genus","Accepted"
"189","Sium cicutaefolium","Sium cicutifolium","Sium suave",2,"species","Accepted"
"190","Pithecolobii lanceolati","","Pithecolobium",12,"genus","Accepted"
"191","Symphocarpus racemosus","Symphoricarpos racemosus","Symphoricarpos albus",3,"species","Accepted"
"192","Symplocarpi foetidae","","Symplocarpus",10,"genus","Accepted"
"193","Spomaea pandurata","","Ipomoea pandurata",2,"species","Accepted"
"194","Solidaginis altissima","","Solidagininae",10,"subtribe","Unchecked"
"195","Celtidis occidentalis","","Celtis occidentalis",2,"species","Accepted"
"196","Phyrma leptostachya","","Phryma leptostachya",2,"species","Accepted"
"197","Athyrium filix","Athyrium flexile","Athyrium distentifolium",5,"species","Accepted"
"198","Opophilus sparsus","","Rubus napophilus",14,"species","Unchecked"
"199","Manus alba","","Malus",6,"genus","Accepted"
"200","Manus alba","","Mazus",6,"genus","Accepted"
"201","Peutstemon venustus","","Penstemon venustus",2,"species","Accepted"
"202","Tragopogi pratensis","","Tragopogon pratensis",2,"species","Accepted"
"203","Biccicolla cucullaria","Bicuculla cucullaria","Dicentra cucullaria",3,"species","Accepted"
"204","Fica carica","","Ficus carica",2,"species","Accepted"
"205","Tectoniae grandis","","Tectona grandis",2,"species","Accepted"
"206","Lk. truncorum","",NA,NA,NA,NA
"207","Picsae excelsae","Picraena","Picrasma",9,"genus","Accepted"
"208","Picsae excelsae","Picraena","Astragalus",9,"genus","Accepted"
"209","Pirolae rotundifoliae","","Pyrola rotundifolia",3,"species","Accepted"
"210","Erisyphe cichoracearum","",NA,NA,NA,NA
"211","Lenzites betulina","",NA,NA,NA,NA
"212","Butomi umbellati","","Butomus",10,"genus","Accepted"
"213","Butomi umbellati","Butumia","Saxicolella",10,"genus","Accepted"
"214","Arachidis hypogeae","Alectra arachidis","Alectra vogelii",16,"species","Accepted"
"215","Saprophilus sparsus","","Croton agrophilus",14,"species","Accepted"
"216","Saprophilus sparsus","","Rubus napophilus",16,"species","Unchecked"
"217","Saprophilus sparsus","","Bryum saprophilum",16,"species","Accepted"
"218","Cariopses phragmitis","",NA,NA,NA,NA
"219","Heleocharis palustris","","Eleocharis palustris",2,"species","Accepted"
"220","Andrena solidago","","Andreaea",9,"genus","Accepted"
"221","Solliidago canadensis","","Solidago canadensis",2,"species","Accepted"
"222","Vernon noveboracensis","","Vernonia noveboracensis",2,"species","Accepted"
"223","Vernon noveboracensis","","Vernonia noveboracensis",2,"species","Accepted"
"224","Clerodendri trichostomi","","Clerodendrum",12,"genus","Accepted"
"225","Pumiera obtusa","Bruguiera obtusa","Lumnitzera racemosa",4,"species","Accepted"
"226","Alectorolophi majoris","Alectorolophus","Rhinanthus",8,"genus","Accepted"
"227","Evodia meliaefolia","","Evodia meliifolia",2,"species","Unchecked"
"228","Sponaea pandurata","",NA,NA,NA,NA
"229","Grossula pinetorum","Glossula","Peristylus",11,"genus","Accepted"
"230","Liabi discoloris","","Liabum",12,"genus","Accepted"
"231","Sonch oleracei","","Sonchus",9,"genus","Accepted"
"232","Sonch oleracei","","Sonchos",8,"genus","Unchecked"
"233","Xanthoxyli bungei","Xanthoxalis","Oxalis",8,"genus","Accepted"
"234","Xanthoxyli bungei","","Xanthoxylon",7,"genus","Unchecked"
"235","Guajaci officinalis","Guajacum","Guaiacum",13,"genus","Accepted"
"236","Pithecolobii dulcis","","Pithecolobium",7,"genus","Accepted"
"237","Therioaphis maculata","",NA,NA,NA,NA
"238","Buddeleia asiatica","","Buddleja asiatica",2,"species","Accepted"
"239","Abies corticium","","Abies",10,"genus","Accepted"
"240","Abies corticium","","Abies",10,"genus","Unchecked"
"241","Abies corticium","","Abies",10,"genus","Unchecked"
"242","Vitri vinifera","","Vitis vinifera",2,"species","Accepted"
"243","Cicada hieroglyphica","","Cycadales",14,"order","Accepted"
"244","Camponotus castaneus","",NA,NA,NA,NA
"245","Polyrhachis lamellidens","Polyrhaphis","Pappophorum",13,"genus","Accepted"
"246","Spondea lutea","Spondias lutea","Spondias mombin",2,"species","Accepted"
"247","Ramis aridis","","Ramisia",6,"genus","Accepted"
"248","Ramis aridis","Ramium","Boehmeria",8,"genus","Accepted"
"249","Pirus malus","Pyrus malus","Malus domestica",1,"species","Accepted"
"250","Pirus malus","","Pyrus malus",1,"species","Unchecked"
"251","Pirus malus","","Pyrus malus",1,"species","Unchecked"
"252","Pirus malus","","Pyrus malus",1,"species","Unchecked"
"253","Symphoricarpos orbicularis","","Symphoricarpos orbiculatus",2,"species","Accepted"
"254","Salex longifoliae","","Salix longifolia",2,"species","Unchecked"
"255","Salex longifoliae","Salix longifolia","Salix viminalis",2,"species","Accepted"
"256","Salex longifoliae","","Salix longifolia",2,"species","Unchecked"
"257","Salex longifoliae","Salix longifolia","Salix gmelinii",2,"species","Accepted"
"258","Nothofagi dombeyi","","Nothofagus dombeyi",2,"species","Accepted"
"259","Pirus meridionalis","Pyrus meridionalis","Aria graeca",1,"species","Accepted"
"260","Cynanchi vincetoxici","","Cynanchum",13,"genus","Accepted"
"261","Cynanchi vincetoxici","","Cynanchica",11,"genus","Accepted"
"262","Cynanchi vincetoxici","","Cynanchum",13,"genus","Accepted"
"263","Cynanchi vincetoxici","","Cynanchica",11,"genus","Accepted"
"264","Taeonia herbacea","","Tetragonia herbacea",4,"species","Accepted"
"265","Fraxinus excelsioris","","Fraxinus excelsior",2,"species","Accepted"
"266","Coryli avellanae","","Codylis",11,"genus","Unchecked"
"267","Coryli avellanae","Cogylia","Lardizabala",10,"genus","Accepted"
"268","Coryli avellanae","","Corylus",11,"genus","Accepted"
"269","Ramulos aridos","",NA,NA,NA,NA
"270","Foliis chenopodii","Folis nudicaulis","Teesdalia nudicaulis",10,"species","Accepted"
"271","Zizypus jujuba","","Ziziphus jujuba",2,"species","Accepted"
"272","Berbens aquifolium","","Berberis aquifolium",2,"species","Accepted"
"273","Berberis auqifolium","","Berberis aquifolium",2,"species","Accepted"
"274","Gileditschia triacanthus","Gleditschia triacanthos","Gleditsia triacanthos",2,"species","Accepted"
"275","Eryngium yuccaefolium","","Eryngium yuccifolium",2,"species","Accepted"
"276","Heracles sibirica","","Heraclea",9,"genus","Unchecked"
"277","Taxodii distichi","","Taxodium",10,"genus","Accepted"
"278","Stenolobii stantis","Stenolobium","Tecoma",9,"genus","Accepted"
"279","Stenolobii stantis","Stenolobium","Calopogonium",9,"genus","Accepted"
"280","Jacaranda mimosaefolia","","Jacaranda mimosifolia",2,"species","Accepted"
"281","Euonmyus fortunei","","Euonymus fortunei",2,"species","Accepted"
"282","Chaparral-pinus ponderosa","",NA,NA,NA,NA
"283","Laricis americanae","Scirpus caricis","Blysmus compressus",13,"species","Accepted"
"284","Hippocastori foliosum","",NA,NA,NA,NA
"285","Fol aceris","",NA,NA,NA,NA
"286","Cissi rhombifoliae","","Cassia",13,"genus","Accepted"
"287","Cissi rhombifoliae","","Cissus",14,"genus","Accepted"
"288","Hicoria minima","Scoria minima","Carya cordiformis",2,"species","Accepted"
"289","Hicoria minima","Hicorius minima","Carya cordiformis",2,"species","Accepted"
"290","Ramulis carpini","","Rubus spiniramulis",13,"species","Unchecked"
"291","Dauci carotae","","Daucus",9,"genus","Accepted"
"292","Ramulus rubi-idaei","","Salvia hamulus",16,"species","Accepted"
"293","Ramulus rubi-idaei","","Aloina hamulus",17,"species","Accepted"
"294","Hederae helicis","Orobanche hederae-helicis","Orobanche hederae",12,"species","Accepted"
"295","Tragopogonis majoris","","Tragopogon",10,"genus","Accepted"
"296","Spirea tomentosa","","Spiraea tomentosa",1,"species","Accepted"
"297","Ononis repentis","Ononis repens","Ononis spinosa  subsp. procurrens",2,"subspecies","Accepted"
"298","Salex albae","","Salix alba",2,"species","Accepted"
"299","Fagus silvaticae","","Fagus sylvatica",2,"species","Accepted"
"300","Ramulis quercus","","Rubus spiniramulis",12,"species","Unchecked"
"301","Agropynum repens","",NA,NA,NA,NA
"302","Arbor vitae","Cupressus arborvitae","Thuja occidentalis",12,"species","Accepted"
"303","Thuya occidentalis","","Thuja occidentalis",1,"species","Accepted"
"304","Fucus spiralis","","Ficus spiralis",1,"species","Accepted"
"305","Pelvetia canaliculata","","Echeveria canaliculata",5,"species","Accepted"
"306","Cucumeris melonis","Cucumeria cucumeris","Specklinia cucumeris",8,"species","Accepted"
"307","Anthemidis tinctoriae","Anthemis tinctoria","Cota tinctoria",3,"species","Accepted"
"308","Caulibus sambuci","Gompholobium versicolor var. caulibus-purpureis","Gompholobium polymorphum",38,"species","Accepted"
"309","Carex acutae","","Carex acuta",1,"species","Accepted"
"310","Carex acutae","Carex acuta","Carex riparia",1,"species","Accepted"
"311","Sub epidermide","",NA,NA,NA,NA
"312","Chondrus crispus","Chondrosea","Saxifraga",9,"genus","Accepted"
"313","Chondrus crispus","","Chondrosum",8,"genus","Accepted"
"314","Sabalis serrulata","Sabal serrulata","Serenoa repens",2,"species","Accepted"
"315","Sabalis serrulatae","Sabal speciosa","Sabal minor",10,"species","Accepted"
"316","Podocarpi macrophylli","","Podocarpus macrophyllus",4,"species","Accepted"
"317","Glischrochilus quadrisignatus","",NA,NA,NA,NA
"318","Tiliae pubescentis","","Tilia",13,"genus","Accepted"
"319","Caryea albae","","Carya alba",2,"species","Accepted"
"320","Caryea albae","","Carya alba",2,"species","Unchecked"
"321","Alismatis plantaginis","",NA,NA,NA,NA
"322","Sagittaria sagittaefolia","","Sagittaria sagittifolia",2,"species","Accepted"
"323","Cerasi virginianae","Ceraia","Dendrobium",12,"genus","Accepted"
"324","Cerasi virginianae","Ceramia","Erica",12,"genus","Accepted"
"325","Cerasi virginianae","","Ceraria",11,"genus","Accepted"
"326","Cerasi virginianae","","Cerasus",13,"genus","Accepted"
"327","Cerasi virginianae","Ceratia","Ceratonia",12,"genus","Accepted"
"328","Epilobii montani","","Epilobium montaniforme",7,"species","Accepted"
"329","Phlogis undulata","","Phlomis",10,"genus","Accepted"
"330","Phlogis undulatae","","Phlomis",11,"genus","Accepted"
"331","Rhus radicantis","Rhus radicans","Toxicodendron radicans",2,"species","Accepted"
"332","Gernaium rotundifoliae","",NA,NA,NA,NA
"333","Pseudoeurotium multisporum","",NA,NA,NA,NA
"334","Melanoplus femurrubrum","",NA,NA,NA,NA
"335","Sedi acris","Fedia","Valerianella",6,"genus","Accepted"
"336","Sedi acris","","Sedum",7,"genus","Accepted"
"337","Sedi acris","","Sedum",7,"genus","Unchecked"
"338","Sedi acris","Seris","Richterago",5,"genus","Accepted"
"339","Clerodendron intermedium","","Clerodendrum intermedium",2,"species","Accepted"
"340","Clerodendron intermedium","Clerodendrum intermedium","Clerodendrum dusenii",2,"species","Accepted"
"341","Clerodendron quadriloculare","","Clerodendrum quadriloculare",2,"species","Accepted"
"342","Sidaliae candida","",NA,NA,NA,NA
"343","Sarcophaga aldrichii","Sarcophagophilus","Quaqua",10,"genus","Accepted"
"344","Oedipoda pellucida","","Oedipodium",10,"genus","Accepted"
"345","Spilosoma virginia","Ichnanthus pilosomarginatus","Oedochloa mayarensis",18,"species","Accepted"
"346","Phytonomus punctatus","",NA,NA,NA,NA
"347","Nephrotoma gracilicornis","",NA,NA,NA,NA
"348","Syritta pipiens","",NA,NA,NA,NA
"349","Pyrus maculatum","","Pyrus",10,"genus","Accepted"
"350","Innocuous bufonius","",NA,NA,NA,NA
"351","Myosotidis intermediae","Myosotis intermedia","Myosotis arvensis",3,"species","Accepted"
"352","Myosotidis intermediae","","Myosotis intermedia",3,"species","Unchecked"
"353","Eryngii campestris","","Eryngium",11,"genus","Accepted"
"354","Glaucii lutei","","Glaucium",6,"genus","Accepted"
"355","Hieranum murorum","","Hieracium murorum",2,"species","Unchecked"
"356","Hieranum murorum","","Hieracium murorum",2,"species","Accepted"
"357","Hieranum murorum","","Hieracium murorum",2,"species","Accepted"
"358","Menispermi canadensis","","Menispermum",12,"genus","Accepted"
"359","Fanunculi repentis","","Rosa ranunculiflora",15,"species","Unchecked"
"360","Fanunculi repentis","Krapfia ranunculina","Ranunculus haemanthus",17,"species","Accepted"
"361","Fanunculi repentis","","Nasa ranunculifolia",14,"species","Accepted"
"362","Ranunculi repentis","","Ranunculus",9,"genus","Accepted"
"363","Ranuneuli repentis","",NA,NA,NA,NA
"364","Borraginis officinalis","",NA,NA,NA,NA
"365","Acer rubrae","","Acer rubrum",2,"species","Accepted"
"366","Thalictrum anemoides","Thalictrum anemonoides","Anemonella thalictroides",2,"species","Accepted"
"367","Ceanothi pagina","","Ceanothus",8,"genus","Accepted"
"368","Ansimckia intermedia","Amsinckia intermedia","Amsinckia menziesii  var. intermedia",2,"variety","Accepted"
"369","Kertoneia sibirica","",NA,NA,NA,NA
"370","Stachup palustris","","Stachys palustris",2,"species","Accepted"
"371","Verbeseria alternifolia","","Verbesina alternifolia",3,"species","Accepted"
"372","Verbeseria alternifolia","Verbesina alternifolia","Verbesina robinsonii",3,"species","Accepted"
"373","Agrostis spica","Agrostis spicata","Sporobolus africanus",2,"species","Accepted"
"374","Agrostis spica","Agrostis spicata","Agrostis stolonifera",2,"species","Accepted"
"375","Agrostis spica","Agrostis spicata","Sporobolus spicatus",2,"species","Accepted"
"376","Lithospermi arvensis","","Lithospermum",10,"genus","Accepted"
"377","Nemopholia parviflora","","Nemophila parviflora",2,"species","Accepted"
"378","Hypercium hirsulum","",NA,NA,NA,NA
"379","Plantago majoris","","Plantago major",2,"species","Accepted"
"380","Vestrina urticifolia","Caelestina urticifolia","Barrosoa betonicaeformis",5,"species","Accepted"
"381","America borealis","",NA,NA,NA,NA
"382","Lappa minores","Lappa minor","Arctium minus",2,"species","Accepted"
"383","Delphiniumum cultorum","","Delphinium",11,"genus","Accepted"
"384","Palygoni aviculare","","Polygonifolia squamosa",13,"species","Unchecked"
"385","Palygoni aviculare","Polygonifolia deltodea","Calandrinia monandra",12,"species","Accepted"
"386","Palygoni aviculare","","Polygonifolia capensis",12,"species","Unchecked"
"387","Theisum humilis","",NA,NA,NA,NA
"388","Tordylii maximi","","Tordylium",7,"genus","Accepted"
"389","Corticis pini","Mascarenhasia arborescens f. albicorticis","Mascarenhasia arborescens",34,"species","Accepted"
"390","Lymphariearfos occidentalis","",NA,NA,NA,NA
"391","Sorbi aucupariae","","Sorbus",11,"genus","Accepted"
"392","Oxdendron arboreum","Batodendron arboreum","Vaccinium arboreum",4,"species","Accepted"
"393","Platani orientalis","","Platanus orientalis",2,"species","Accepted"
"394","Pinus malus","Pyrus malus","Malus domestica",2,"species","Accepted"
"395","Pinus malus","","Pyrus malus",2,"species","Unchecked"
"396","Pinus malus","","Pyrus malus",2,"species","Unchecked"
"397","Pinus malus","","Pyrus malus",2,"species","Unchecked"
"398","Ruborum cultorum","Taraxacum ruborum","Taraxacum raii",10,"species","Accepted"
"399","Ruborum cultorum","","Gleadovia ruborum",11,"species","Accepted"
"400","Celtidis talae","","Celtidinae",5,"subtribe","Unchecked"
"401","Celtidis talae","","Celtidinae",5,"subtribe","Unchecked"
"402","Veronica praecocis","Veronica praecox subsp. kavusica","Veronica glauca  subsp. kavusica",16,"subspecies","Accepted"
"403","Rubus setchuensis","","Rubus setchuenensis",2,"species","Accepted"
"404","Gledistria triacanthus","Gleditsia triacanthus","Gleditsia triacanthos",2,"species","Accepted"
"405","Glenditschia triacanthus","Gleditschia triacanthos","Gleditsia triacanthos",2,"species","Accepted"
"406","Ulni americanae","","Ugni",12,"genus","Accepted"
"407","Citrulli vulgaris","Citrullus vulgaris","Citrullus lanatus",2,"species","Accepted"
"408","Plantus occidentalis","","Phyllanthus occidentalis",4,"species","Accepted"
"409","Fracus hicoria","Rubus meracus","Rubus flagellaris",11,"species","Accepted"
"410","Pinus humi","Pinus humilis","Pinus uncinata  subsp. uliginosa",3,"subspecies","Accepted"
"411","Pinus humi","Pinus tumida","Pinus teocote",3,"species","Accepted"
"412","Pinus humi","","Pinus pumila",3,"species","Accepted"
"413","Lewistonia chinensis","",NA,NA,NA,NA
"414","Gloiopeltis furcata","",NA,NA,NA,NA
"415","Pseudotuga sempervirens","","Pseudotsuga",14,"genus","Accepted"
"416","Junipera virginianae","","Juniperus",13,"genus","Accepted"
"417","Crataegen crythropoda","","Crataegus erythropoda",3,"species","Accepted"
"418","Amelandchias canadensis","Amelanchier canadensis","Amelanchier arborea",3,"species","Accepted"
"419","Amelandchias canadensis","Amelanchier canadensis","Amelanchier laevis",3,"species","Accepted"
"420","Amelandchias canadensis","","Amelanchier canadensis",3,"species","Unchecked"
"421","Amelandchias canadensis","","Amelanchier canadensis",3,"species","Accepted"
"422","Amelandchias canadensis","Amelanchier canadensis","Amelanchier lamarckii",3,"species","Accepted"
"423","Ceratitium laceratum","",NA,NA,NA,NA
"424","Juniper virginiana","","Juniperus virginiana",2,"species","Accepted"
"425","Aedes craggi","","Aedesia",6,"genus","Accepted"
"426","Juniperus erumpens","","Juniperus",9,"genus","Accepted"
"427","Tencii canadensis","","Hoya spencii",13,"species","Accepted"
"428","Cystoseira osmundacea","",NA,NA,NA,NA
"429","Acrtostaphyli pumilae","",NA,NA,NA,NA
"430","Ankylopteryx nonelli","",NA,NA,NA,NA
"431","Omphalea pauciflora","Omphalea cauliflora","Phyllanthus cauliflorus",2,"species","Accepted"
"432","Persiae palustris","","Persea palustris",2,"species","Accepted"
"433","Iris versicoloris","","Iris versicolor",2,"species","Accepted"
"434","Iris versicoloris","Iris versicolor","Iris laevigata",2,"species","Accepted"
"435","Ruborum sarmenta","Taraxacum ruborum","Taraxacum raii",15,"species","Accepted"
"436","Ruborum sarmenta","","Gleadovia ruborum",16,"species","Accepted"
"437","Thespia populnea","","Thespesia populnea",2,"species","Accepted"
"438","Chlorocodonis wightii","Chlorocodon","Erica",10,"genus","Accepted"
"439","Bliti capitati","","Bletia",9,"genus","Accepted"
"440","Bliti capitati","","Blitum",10,"genus","Unchecked"
"441","Bliti capitati","Blytia","Pallavicinia",9,"genus","Accepted"
"442","Aspidii filicis-maris","","Aspidium",14,"genus","Unchecked"
"443","Aspidii filicis-maris","Aspidium","Tectaria",14,"genus","Accepted"
"444","Aspidii filicis-maris","Aspidixia","Viscum",13,"genus","Accepted"
"445","Aspidium filix","Aspidium flexum","Rumohra berteroana",4,"species","Accepted"
"446","Aspidium filix","Aspidium filix-mas","Dryopteris filix-mas",4,"species","Accepted"
"447","Caulibus senecionis","Gompholobium versicolor var. caulibus-purpureis","Gompholobium polymorphum",38,"species","Accepted"
"448","Bothriocera venosa","",NA,NA,NA,NA
"449","Lentoxharsa constricta","",NA,NA,NA,NA
"450","Syphante acuta","",NA,NA,NA,NA
"451","Choristoneura fumiferana","",NA,NA,NA,NA
"452","Vespula squamosa","","Bucephalandra vespula",16,"species","Accepted"
"453","Apatela dactylina","Apatelia","Saurauia",9,"genus","Accepted"
"454","Leptopharsa heveae","","Leptothyrsa",9,"genus","Accepted"
"455","Leptopharsa heveae","","Leptophora",9,"genus","Unchecked"
"456","Sorgho vulgari","","Sorghum",8,"genus","Accepted"
"457","Pineto silvestris","","Pintoa",12,"genus","Accepted"
"458","Lecanium pseudotessellatum","Lecanium","Trichomanes",18,"genus","Accepted"
"459","Ruborum sarmentos","Taraxacum ruborum","Taraxacum raii",15,"species","Accepted"
"460","Ruborum sarmentos","","Gleadovia ruborum",16,"species","Accepted"
"461","Cortice perseae","","Cortiella",8,"genus","Accepted"
"462","Fraxinus ramos","Fraxinus rostrata","Fraxinus angustifolia  subsp. angustifolia",7,"subspecies","Accepted"
"463","Ligna fagi","Ligea","Apinagia",6,"genus","Accepted"
"464","Ligna fagi","Ligia","Thymelaea",6,"genus","Accepted"
"465","Ligna fagi","","Vigna",6,"genus","Accepted"
"466","Pai abietum","",NA,NA,NA,NA
"467","Ledi palustris","",NA,NA,NA,NA
"468","Leucopholis irrorata","","Leucopholis",9,"genus","Unchecked"
"469","Limba limba","","Antimima limbata",7,"species","Accepted"
"470","Ring spot-leptosphaeria","","Pinga",19,"genus","Accepted"
"471","Hapithus agitator","",NA,NA,NA,NA
"472","Tremellodon gelatinosum","",NA,NA,NA,NA
"473","Pyrophila pyramidoides","Carex pyrophila","Carex macloviana  var. macloviana",16,"variety","Accepted"
"474","Rubus urticaefolius","","Rubus urticifolius",2,"species","Accepted"
"475","Caulibus cacaliae","Gompholobium versicolor var. caulibus-purpureis","Gompholobium polymorphum",36,"species","Accepted"
"476","Taureau ebulus","",NA,NA,NA,NA
"477","Strobilis jejectis","",NA,NA,NA,NA
"478","Lenzites betula","",NA,NA,NA,NA
"479","Calibus eupatorii","Calius","Streblus",11,"genus","Accepted"
"480","Polygonati officinalis","","Polygonatum",13,"genus","Accepted"
"481","Cardui scopulorum","","Carduus scopulorum",2,"species","Unchecked"
"482","Cardui scopulorum","Carduus scopulorum","Cirsium eatonii  var. eriocephalum",2,"variety","Accepted"
"483","Galeopsidis tetrahit","","Galeopsis tetrahit",2,"species","Accepted"
"484","Resci aculeati","","Resia",9,"genus","Accepted"
"485","Resci aculeati","","Restio",10,"genus","Accepted"
"486","Lepton canadensis","","Leptodon",10,"genus","Accepted"
"487","Alectorolophus speciosus","Alectorolophus","Rhinanthus",10,"genus","Accepted"
"488","Gledistchia triacanthus","Gleditsia triacanthus","Gleditsia triacanthos",3,"species","Accepted"
"489","Gledistchia triacanthus","Gleditschia triacanthos","Gleditsia triacanthos",3,"species","Accepted"
"490","Gleditschia tricanthus","Gleditschia triacanthos","Gleditsia triacanthos",2,"species","Accepted"
"491","Malloti philippinensis","Mallotus philippinensis var. pallidus","Mallotus pallidus",16,"species","Accepted"
"492","Lalicis capreae","","Habenaria calicis",12,"species","Accepted"
"493","Polytichii communis","",NA,NA,NA,NA
"494","Symphocaripos occidentalis","","Symphoricarpos occidentalis",3,"species","Accepted"
"495","Sarmentis rubi","Sarmenticola calceolaris","Macroclinium calceolare",14,"species","Accepted"
"496","Theisum montani","",NA,NA,NA,NA
"497","Ramulis salicum","","Rubus spiniramulis",13,"species","Unchecked"
"498","Origani vulgaris","","Origanum",9,"genus","Accepted"
"499","Folia arida","Stapelia arida","Quaqua arida",5,"species","Accepted"
"500","Folia arida","Hackelia arida","Hackelia diffusa  var. arida",5,"variety","Accepted"
"501","Moench folia","","Moenchia",4,"genus","Accepted"
"502","Moench folia","","Moenchia",4,"genus","Accepted"
"503","Chermes abietina","","Piper hermes",13,"species","Accepted"
"504","Chermes abietina","Rubus hermes","Rubus leucandrus  subsp. belgicus",13,"subspecies","Accepted"
"505","Asphondylia mayeri","Selinum sphondylium","Heracleum sphondylium",15,"species","Accepted"
"506","Rhaphanns sativus","Raphanus sativus","Raphanus raphanistrum  subsp. sativus",2,"subspecies","Accepted"
"507","Nerium oleandri","","Nerium oleander",2,"species","Accepted"
"508","Acer-betula papyrifera","Acer betulifolium","Acer stachyophyllum  subsp. betulifolium",12,"subspecies","Accepted"
"509","Lirodendri tulipiferae","",NA,NA,NA,NA
"510","Acteae spirata","","Actaea",8,"genus","Accepted"
"511","Needandre oppositifolia","","Nectandra oppositifolia",3,"species","Accepted"
"512","Popula alba","Cotula alba","Eclipta prostrata",2,"species","Accepted"
"513","Popula alba","","Populus alba",2,"species","Accepted"
"514","Flos cuculi","","Silene flos-cuculi",9,"species","Accepted"
"515","Flos cuculi","Silene flos-cuculi","Silene flos-cuculi",9,"species","Accepted"
"516","Ramulis ulmi","","Rubus spiniramulis",13,"species","Unchecked"
"517","Breyma rhamnoides","Breynia rhamnoides","Breynia vitis-idaea",2,"species","Accepted"
"518","Magicicada septendecim","",NA,NA,NA,NA
"519","Okananga rimosa","",NA,NA,NA,NA
"520","Foliis euphorbiae","Folis nudicaulis","Teesdalia nudicaulis",10,"species","Accepted"
"521","Hypericorum formosum","","Hypericum formosum",2,"species","Accepted"
"522","Limun lewisii","","Linum lewisii",2,"species","Accepted"
"523","Lini cathartici","",NA,NA,NA,NA
"524","Polygonum spergulariaeforme","","Polygonum spergulariiforme",2,"species","Accepted"
"525","Populus canescentis","","Populus",12,"genus","Accepted"
"526","Populus anomala","","Populus",8,"genus","Accepted"
"527","Vaccinum vitus","","Vaccinium vitis-idaea",8,"species","Accepted"
"528","Coriae ferrugineae","Cordaea","Cyamopsis",12,"genus","Accepted"
"529","Coriae ferrugineae","Cordaea","Moerckia",12,"genus","Accepted"
"530","Buccinum polygonum","",NA,NA,NA,NA
"531","Alyxia olivaeformis","Alyxia oliviformis","Alyxia stellata",2,"species","Accepted"
"532","Cadmii effusi","",NA,NA,NA,NA
"533","Crotonis currani","","Croton curranii",3,"species","Accepted"
"534","Celtidis aculeatae","","Celtidinae",9,"subtribe","Unchecked"
"535","Celtidis aculeatae","","Celtidinae",9,"subtribe","Unchecked"
"536","Crotonis gossypiifolii","","Croton gossypiifolius",4,"species","Accepted"
"537","Cladii marisci","","Cladium",8,"genus","Accepted"
"538","Fagraea plumeriaefolia","","Fagraea",15,"genus","Accepted"
"539","Exostemmae sanctae-luciae","Exostema sanctae-luciae","Solenandra sanctae-luciae",2,"species","Accepted"
"540","Buddleyae auriculatae","","Buddleja auriculata",3,"species","Accepted"
"541","Viticis parviflorae","Cuscuta viticis","Cuscuta babylonica  var. babylonica",15,"variety","Accepted"
"542","Mag. glauca","",NA,NA,NA,NA
"543","Ramis carpini","","Ramisia",7,"genus","Accepted"
"544","Ramis carpini","Ramium","Boehmeria",9,"genus","Accepted"
"545","Agiotes obscurus","",NA,NA,NA,NA
"546","Floris aquilina","","Pedicularis aquilina",7,"species","Accepted"
"547","Mytilaspis citricola","",NA,NA,NA,NA
"548","Aplopappus spinulosus","Diplopappus spinulosus","Haplopappus diplopappus  subsp. diplopappus",2,"subspecies","Accepted"
"549","Aplopappus spinulosus","","Haplopappus spinulosus",2,"species","Unchecked"
"550","Aplopappus spinulosus","Haplopappus spinulosus","Xanthisma spinulosum",2,"species","Accepted"
"551","Aplopappus spinulosus","Haplopappus spinulosus","Xanthisma spinulosum",2,"species","Accepted"
"552","Aplopappus spinulosus","Haplopappus spinulosus","Haplopappus diplopappus  subsp. diplopappus",2,"subspecies","Accepted"
"553","Aplopappus spinulosus","","Haplopappus spinulosus",2,"species","Unchecked"
"554","Vannicum pennsylvanicum","Panicum pensylvanicum","Coleataenia anceps",3,"species","Accepted"
"555","Cicinnobolus cesatii","",NA,NA,NA,NA
"556","Fagus ferrugineae","Fagus ferruginea","Fagus crenata",1,"species","Accepted"
"557","Fagus ferrugineae","Fagus ferruginea","Fagus grandifolia  subsp. grandifolia",1,"subspecies","Accepted"
"558","Fagus ferrugineae","Fagus ferruginea","Fagus grandifolia",1,"species","Accepted"
"559","Fagus ferrugineae","","Fagus ferruginae",1,"species","Unchecked"
"560","Ferrugineae parasitans","",NA,NA,NA,NA
"561","Gleditschiae triacanthi","Gleditschia triacanthos","Gleditsia triacanthos",3,"species","Accepted"
"562","Gleditschiae triacanthis","Gleditschia triacanthos","Gleditsia triacanthos",2,"species","Accepted"
"563","Sambux racemosa","","Sambucus",8,"genus","Accepted"
"564","Hicoria alba","Scoria alba","Carya alba",2,"species","Accepted"
"565","Hicoria alba","Hicorius alba","Carya alba",2,"species","Accepted"
"566","Derridis ellipticae","",NA,NA,NA,NA
"567","Pithecolobii saman","Pithecolobium saman","Samanea saman",2,"species","Accepted"
"568","Ramulis rosae","","Rubus spiniramulis",14,"species","Unchecked"
"569","Alchomea cordifolia","","Alchornea cordifolia",2,"species","Accepted"
"570","Milesia laeviuscula","","Gilesia",13,"genus","Accepted"
"571","Milesia laeviuscula","","Mitesia",13,"genus","Unchecked"
"572","Milesia laeviuscula","","Tilesia",13,"genus","Accepted"
"573","Onoclea asiatica","","Onoclea",9,"genus","Accepted"
"574","Opuntia ficus","Opuntia fusicaulis","Opuntia ficus-indica",5,"species","Accepted"
"575","Mycena haematopoda","Mycetanthe","Rhizanthes",12,"genus","Accepted"
"576","Polyporolithon conchatum","",NA,NA,NA,NA
"577","Polyporolithon reclinatum","",NA,NA,NA,NA
"578","Platani occidentalis","","Platanus occidentalis",2,"species","Accepted"
"579","Ascophyllum nodosum","Anisophyllum nodosum","Euphorbia clusiifolia",3,"species","Accepted"
"580","Cauliflower-brassica oleracea","",NA,NA,NA,NA
"581","Aspidii spinulosa","","Aspidium",10,"genus","Unchecked"
"582","Aspidii spinulosa","Aspidium","Tectaria",10,"genus","Accepted"
"583","Aspidii spinulosa","Aspidixia","Viscum",9,"genus","Accepted"
"584","Panicum hemitomum","","Panicum hemitomon",2,"species","Accepted"
"585","Musae hypophyllum","","Musa",13,"genus","Accepted"
"586","Adonidis vernalis","","Adonis vernalis",2,"species","Accepted"
"587","Adonidis vernalis","Adonis vernalis","Adonis dentata",2,"species","Accepted"
"588","Sphaericeae caroliniana","Crataegus subsphaericea","Crataegus Ã— kyrtostyla",20,"species","Accepted"
"589","Pseudovalsa platanoides","","Pseudosasa",14,"genus","Accepted"
"590","Pseudovalsa platanoides","","Pseudomalia",14,"genus","Accepted"
"591","Valsaceous stroma","",NA,NA,NA,NA
"592","Periphyllus lyropictus","","Peraphyllum",13,"genus","Accepted"
"593","Periphyllus lyropictus","Pterophyllus","Ginkgo",13,"genus","Accepted"
"594","Opophilus subgregarius","","Rubus napophilus",17,"species","Unchecked"
"595","Antherici ramosi","Anthericum ramosissimum","Echeandia ramosissima",8,"species","Accepted"
"596","Eriophorum polystachyum","Eriophorum polystachion","Eriophorum angustifolium  subsp. angustifolium",3,"subspecies","Accepted"
"597","Eriophorum polystachyum","Eriostomum polystachyum","Stachys germanica  subsp. germanica",3,"subspecies","Accepted"
"598","Cortica carpini","","Cortia",9,"genus","Accepted"
"599","Ramis fagi","","Ramisia",4,"genus","Accepted"
"600","Ramis fagi","Ramium","Boehmeria",6,"genus","Accepted"
"601","Plutonus occidentalis","","Platanus occidentalis",2,"species","Accepted"
"602","Probably hemsleyi","",NA,NA,NA,NA
"603","Articum lappa","Arctium lappa","Arctium lappa",2,"species","Accepted"
"604","Articum lappa","Arctium lappa","Arctium minus",2,"species","Accepted"
"605","Articum lappa","","Arctium lappa",2,"species","Accepted"
"606","Caulibus pnonidis","Gompholobium versicolor var. caulibus-purpureis","Gompholobium polymorphum",37,"species","Accepted"
"607","Diceroprocta apache","",NA,NA,NA,NA
"608","Lenzites sepiaria","",NA,NA,NA,NA
"609","Loti americani","Lodia","Rapicactus",10,"genus","Accepted"
"610","Loti americani","Lotea","Lotus",9,"genus","Accepted"
"611","Loti americani","","Lotus",11,"genus","Accepted"
"612","Loti americani","","Lotos",11,"genus","Unchecked"
"613","Octeae veraguensis","Ocotea veraguensis","Mespilodaphne veraguensis",2,"species","Accepted"
"614","Maiomia canadensis","Meibomia canadensis","Desmodium canadense",2,"species","Accepted"
"615","Desmodi canescentis","","Desmodium",12,"genus","Accepted"
"616","Desmodium canescentis","","Desmodium canescens",2,"species","Accepted"
"617","Cordeus personata","","Carduus personata",2,"species","Accepted"
"618","Rubus villosae","","Rubus villosus",2,"species","Unchecked"
"619","Rubus villosae","Rubus villosus","Rubus corchorifolius",2,"species","Accepted"
"620","Rubus villosae","Rubus villosus","Rubus flagellaris",2,"species","Accepted"
"621","Rubus villosae","","Rubus villosus",2,"species","Unchecked"
"622","Rubus villosae","","Rubus villosus",2,"species","Unchecked"
"623","Diaphysis virginiana","",NA,NA,NA,NA
"624","Geaster hygrometricus","Oleaster","Hippophae",16,"genus","Accepted"
"625","Geaster hygrometricus","","Oleaster",16,"genus","Unchecked"
"626","Brabeii stellatifolii","",NA,NA,NA,NA
"627","Corticis pini","Mascarenhasia arborescens f. albicorticis","Mascarenhasia arborescens",34,"species","Accepted"
"628","Helanthi tuberosa","","Helanthium",8,"genus","Accepted"
"629","Papaveris rhoeadis","","Papaver sinense",9,"species","Unchecked"
"630","Bonus henricus","Blitum bonus-henricus","Chenopodium bonus-henricus",8,"species","Accepted"
"631","Bonus henricus","","Rubus bonus-henricus",8,"species","Accepted"
"632","Cerastii anomali","","Cerastium",8,"genus","Accepted"
"633","Solidaginis rigidae","","Solidagininae",7,"subtribe","Unchecked"
"634","Lappa majoris","Lappa major","Arctium lappa",2,"species","Accepted"
"635","Lappa majoris","Lappa major","Arctium lappa",2,"species","Accepted"
"636","Silphii integrifolii","","Silphion",13,"genus","Unchecked"
"637","Silphii integrifolii","","Silphium",14,"genus","Accepted"
"638","Mathilda incana","Aretia mathildae","Androsace mathildae",13,"species","Accepted"
"639","Aliariae offcinalis","Cacalia alliariae","Adenostyles alliariae",13,"species","Accepted"
"640","Allysum saxatile","Alyssum saxatile","Aurinia saxatilis",2,"species","Accepted"
"641","Allysum saxatile","","Alyssum saxatile",2,"species","Unchecked"
"642","Allysum saxatile","Alyssum saxatile","Aurinia saxatilis  subsp. orientalis",2,"subspecies","Accepted"
"643","Allysum saxatile","Allium saxatile","Allium fistulosum",2,"species","Accepted"
"644","Allysum saxatile","","Allium saxatile",2,"species","Accepted"
"645","Allysum saxatile","Allium saxatile","Allium pallasii",2,"species","Accepted"
"646","Tysanocarpa amplectens","Thysanocarpus amplectens","Thysanocarpus curvipes  subsp. amplectens",3,"subspecies","Accepted"
"647","Hamamelidis virginianae","","Hamamelis virginiana",3,"species","Accepted"
"648","Acer negundinis","","Acer",11,"genus","Accepted"
"649","Medicaginis apiculatae","","Sida medicaginis",17,"species","Unchecked"
"650","Rama seca","",NA,NA,NA,NA
"651","Zozyphus vulgaris","Ziziphus vulgaris","Ziziphus jujuba",2,"species","Accepted"
"652","Croton corymbosa","","Croton",10,"genus","Accepted"
"653","Alcomea cordifolia","",NA,NA,NA,NA
"654","Zizyphi jujubae","Zizyphon jujubum","Ziziphus jujuba",4,"species","Accepted"
"655","Lecan subfusca","","Levana",9,"genus","Unchecked"
"656","Laminaria digitata","","Lacinaria",10,"genus","Unchecked"
"657","Rama gruesa","",NA,NA,NA,NA
"658","Querceto-carpinetum pann","",NA,NA,NA,NA
"659","Querceto-carpinetum pannonicum","",NA,NA,NA,NA
"660","Tetrapanax papyriferum","","Tetrapanax papyrifer",2,"species","Accepted"
"661","Astraglica goniotes","",NA,NA,NA,NA
"662","Filaginis arvensis","Senecio tussilaginis","Pericallis tussilaginis",16,"species","Accepted"
"663","Filaginis arvensis","Senecio tussilaginis","Pericallis tussilaginis",16,"species","Accepted"
"664","Lolii perennis","","Lolium",10,"genus","Accepted"
"665","Rubris strigosus","Rubus strigosus","Rubus idaeus  subsp. strigosus",2,"subspecies","Accepted"
"666","Sychnidis chalcedon","",NA,NA,NA,NA
"667","Orobatus rubicundica","Psorobatus","Errazurizia",15,"genus","Accepted"
"668","Caricias paludosa","",NA,NA,NA,NA
"669","Caricias paludosa","",NA,NA,NA,NA
"670","Bontelona oligostachya","Bouteloua oligostachya","Bouteloua gracilis",2,"species","Accepted"
"671","Paspali dasyphylli","","Pascalia",11,"genus","Accepted"
"672","Paspali dasyphylli","","Paspalum",12,"genus","Accepted"
"673","Paspali dasyphylli","","Raspalia",11,"genus","Accepted"
"674","Sacchari spontanei","","Baccharis",10,"genus","Accepted"
"675","Sacchari spontanei","","Saccharum",11,"genus","Accepted"
"676","Corylea rostrata","Corylus rostrata","Corylus cornuta",2,"species","Accepted"
"677","Corylea rostrata","Corylus rostrata","Corylus cornuta  subsp. cornuta",2,"subspecies","Accepted"
"678","Clibadii arborei","","Clibadium",9,"genus","Accepted"
"679","Allophyllus edulis","","Allophylus edulis",1,"species","Accepted"
"680","Euonymus verrucosae","","Euonymus verrucosus",2,"species","Accepted"
"681","Leucothoeae acuminatis","","Leucothoe",13,"genus","Accepted"
"682","Aegopodii podagraria","","Aegopodium podagraria",2,"species","Accepted"
"683","Aegopodii podagrariae","","Aegopodium podagraria",3,"species","Accepted"
"684","Rhamnus betulaefolia","Rhamnus betulifolia","Frangula betulifolia",2,"species","Accepted"
"685","Cornusas sanguineae","Cornus aspera","Cornus bretschneideri",10,"species","Accepted"
"686","Sumillacina stellata","Smilacina stellata","Maianthemum stellatum",2,"species","Accepted"
"687","Petesides spurius","Petasites spurius","Petasites japonicus  subsp. japonicus",2,"subspecies","Accepted"
"688","Petesides spurius","","Petasites spurius",2,"species","Accepted"
"689","Sevzonera humilis","",NA,NA,NA,NA
"690","Ilex dahoonis","Ilex dahoon","Ilex cassine",2,"species","Accepted"
"691","Asclepiadis tuberosa","","Asclepias tuberosa",2,"species","Accepted"
"692","Caragonae frutescentis","",NA,NA,NA,NA
"693","Eulecanium quercitronis","",NA,NA,NA,NA
"694","Acori calami","","Acomis",8,"genus","Accepted"
"695","Acori calami","","Acorus",8,"genus","Accepted"
"696","Acori calami","Amoria","Trifolium",7,"genus","Accepted"
"697","Acori calami","Scoria","Carya",7,"genus","Accepted"
"698","Calthus palustris","","Caltha palustris",2,"species","Accepted"
"699","Calthus palustris","Calamus palustris","Calamus latifolius",2,"species","Accepted"
"700","Lycus americanus","Lotus americanus","Acmispon americanus",2,"species","Accepted"
"701","Lycus americanus","Lotus americanus","Collaea speciosa",2,"species","Accepted"
"702","Lycus americanus","","Lycopus americanus",2,"species","Accepted"
"703","Ornithogali narbonensis","","Ornithogalum",13,"genus","Accepted"
"704","Saniculum bipinnatifida","","Sanicula bipinnatifida",2,"species","Accepted"
"705","Cnidia venosa","","Cordia venosa",2,"species","Accepted"
"706","Cnidia venosa","","Cordia venosa",2,"species","Unchecked"
"707","Anonae cherimoliae","","Eugenia manonae",14,"species","Accepted"
"708","Thaxinus pennsylvanica","","Fraxinus pennsylvanica",2,"species","Accepted"
"709","Dactylidis glomeratae","","Dactylis glomerata",3,"species","Accepted"
"710","Sicyi angulati","","Sicyos",10,"genus","Accepted"
"711","Anthrisci silvestris","","Anthriscus",11,"genus","Accepted"
"712","Angiliea silvestris","",NA,NA,NA,NA
"713","Gerantii pratensis","Vigna tisserantii","Vigna nigritia",12,"species","Accepted"
"714","Gerantii pratensis","Vigna tisserantii","Vigna tisserantiana",12,"species","Accepted"
"715","Gerantii pratensis","Oryza tisserantii","Leersia tisserantii",12,"species","Accepted"
"716","Gerantii pratensis","","Bryum tisserantii",13,"species","Accepted"
"717","Gerantii pratensis","","Gnetum tisserantii",12,"species","Unchecked"
"718","Asteris fremontii","Aster fremontii","Symphyotrichum spathulatum",2,"species","Accepted"
"719","Petalostemum purpureum","Petalostemon purpureus","Dalea purpurea",3,"species","Accepted"
"720","Petalostenum purpureum","Petalostemon purpureum f. arenarium","Dalea purpurea  var. purpurea",16,"variety","Accepted"
"721","Crispa rubra","Crusea rubra","Crusea hispida  var. hispida",2,"variety","Accepted"
"722","Nothofagi pumilo","","Nothofagus",7,"genus","Accepted"
"723","Piceetum nudum","",NA,NA,NA,NA
"724","Vaccinium myrtilli","","Vaccinium myrtillum",2,"species","Accepted"
"725","Vaccinium myrtilli","","Vaccinium myrtillus",2,"species","Accepted"
"726","Secalis cerealis","","Secalidium",10,"genus","Unchecked"
"727","Ilicem opacum","",NA,NA,NA,NA
"728","Codium fragile","Ecbolium fragile","Justicia amherstia",4,"species","Accepted"
"729","Codium fragile","Aspidium fragile","Cystopteris fragilis",4,"species","Accepted"
"730","Velia caprai","",NA,NA,NA,NA
"731","Ari maculati","Catasetum trulla var. maculatissimum","Catasetum socco",26,"species","Accepted"
"732","Maymena delicata","",NA,NA,NA,NA
"733","Paltothyreus tarsatus","",NA,NA,NA,NA
"734","Canabidis ruderalis","",NA,NA,NA,NA
"735","Humili lupuli","","Humiria",8,"genus","Accepted"
"736","Urticae urentis","Urtica urentissima","Urtica spathulata",5,"species","Accepted"
"737","Machaerii seemanni","","Machaerium seemannii",3,"species","Accepted"
"738","Polytrichum juniperum","","Polytrichum juniperinum",2,"species","Accepted"
"739","Agropyra repens","Agropyron repens","Elymus repens",2,"species","Accepted"
"740","Leonotis nepetaefolia","","Leonotis nepetifolia",2,"species","Accepted"
"741","Cirnii acarnae","","Pelargonium nairnii",13,"species","Unchecked"
"742","Picnomi acarnae","","Picnomon",8,"genus","Accepted"
"743","Acgopodio podagraria","",NA,NA,NA,NA
"744","Aletridis farinosae","",NA,NA,NA,NA
"745","Aletridis farinosae","",NA,NA,NA,NA
"746","Tris pumila","",NA,NA,NA,NA
"747","Petalostemon candidum","Petalostemon candidus","Dalea candida",1,"species","Accepted"
"748","Scopus americanus","","Lycopus americanus",2,"species","Accepted"
"749","Scopus americanus","Acorus americanus","Acorus calamus  var. americanus",2,"variety","Accepted"
"750","Scopus americanus","Scirpus americanus","Schoenoplectus americanus",2,"species","Accepted"
"751","Scopus americanus","Scirpus americanus","Scirpus polyphyllus",2,"species","Accepted"
"752","Penniseti setosi","","Pennisetum",8,"genus","Accepted"
"753","Melandryi rubri","Melandrium","Silene",6,"genus","Accepted"
"754","Asparagi officinalis","","Asparagus officinalis",2,"species","Accepted"
"755","Erigeron annus","","Erigeron annuus",1,"species","Accepted"
"756","Erigeron annus","","Erigeron annuus",1,"species","Accepted"
"757","Erigeron annus","Erigeron annuus","Bellis annua",1,"species","Accepted"
"758","Zygodenus chloranthus","Zigadenus chloranthus","Anticlea elegans",2,"species","Accepted"
"759","Silenis inflatae","","Xamilenis",12,"genus","Unchecked"
"760","Olya latifolia","",NA,NA,NA,NA
"761","Sedi telephii","","Reseda telephiifolia",9,"species","Accepted"
"762","Bupleuri falci","","Bupleurum",7,"genus","Accepted"
"763","Laumea asplenifolia","Baumea","Machaerina",14,"genus","Accepted"
"764","Laumea asplenifolia","","Jaumea",14,"genus","Accepted"
"765","Laumea asplenifolia","","Launea",14,"genus","Unchecked"
"766","Laumea asplenifolia","Lautea","Corokia",14,"genus","Accepted"
"767","Viguria stenoloba","","Psiguria",12,"genus","Accepted"
"768","Caltthae palustris","","Caltha palustris",2,"species","Accepted"
"769","Eurathamia graminifolia","","Euthamia graminifolia",2,"species","Unchecked"
"770","Eurathamia graminifolia","","Euthamia graminifolia",2,"species","Accepted"
"771","Foliis andropogonis","Folis nudicaulis","Teesdalia nudicaulis",10,"species","Accepted"
"772","Cichorii intybi","","Cichorium",8,"genus","Accepted"
"773","Circaceae lutetianae","","Circaeeae",11,"tribe","Unchecked"
"774","Circeae alpina","","Circaea alpina",2,"species","Accepted"
"775","Crepidis foetidae","","Crepidium",10,"genus","Accepted"
"776","Crepidis foetidae","Crepidium","Trichomanes",10,"genus","Accepted"
"777","Convolobus sepium","",NA,NA,NA,NA
"778","Covolvuli sepium","",NA,NA,NA,NA
"779","Eleagrus argentia","","Elaeagrus",10,"genus","Unchecked"
"780","Helictobeichon virens","Helictotrichon virescens","Helictotrichon junghuhnii",5,"species","Accepted"
"781","Holene lanatus","","Halenea",8,"genus","Unchecked"
"782","Phammus alnifolia","","Rhamnus alnifolia",2,"species","Accepted"
"783","Shepardia canadensis","","Shepherdia canadensis",2,"species","Accepted"
"784","Creous glauca","Crepis glauca","Askellia flexuosa",2,"species","Accepted"
"785","Creous glauca","Crepis glauca","Crepis runcinata  subsp. glauca",2,"subspecies","Accepted"
"786","Creous glauca","Crepis glauca","Askellia flexuosa",2,"species","Accepted"
"787","Croci pallasii","Crocus pallasii","Crocus cartwrightianus",2,"species","Accepted"
"788","Croci pallasii","","Crocus pallasii",2,"species","Accepted"
"789","Croci pallasii","Crocus pallasii","Crocus veluchensis",2,"species","Accepted"
"790","Saxipragae virginiensis","Saxifraga virginiensis","Micranthes virginiensis",2,"species","Accepted"
"791","Erianthi hostii","Erianthus hostii","Tripidium strictum",2,"species","Accepted"
"792","Dolphinium asurcum","","Delphinium",9,"genus","Accepted"
"793","Dianthi carthusianorum","","Dianthus carthusianorum",2,"species","Accepted"
"794","Carex teneraeformis","Carex teneriformis","Carex subfusca",2,"species","Accepted"
"795","Bothricola pertusus","",NA,NA,NA,NA
"796","Sphenolophis pallens","",NA,NA,NA,NA
"797","Seiglinia flava","",NA,NA,NA,NA
"798","Tithonia tubiformis","","Tithonia tubaeformis",2,"species","Accepted"
"799","Nobulus racemosa","","Porella globulus",13,"species","Unchecked"
"800","Nobulus racemosa","","Corybas globulus",13,"species","Accepted"
"801","Nobulus racemosa","Anzybas globulus","Corybas globulus",14,"species","Accepted"
"802","Fuirenae squamosae","","Fuirena",11,"genus","Accepted"
"803","Galanthi nivalis","","Calanthe nivalis",2,"species","Accepted"
"804","Galanthi nivalis","","Galanthus nivalis",2,"species","Accepted"
"805","Galium veri","",NA,NA,NA,NA
"806","Aphis gentianae","","Pemphis",13,"genus","Accepted"
"807","Aphis gentianae","","Trophis",13,"genus","Accepted"
"808","Gonolobi macrophyllae","","Gonolobus",14,"genus","Accepted"
"809","Agroparum repens","",NA,NA,NA,NA
"810","Dulichium bigibbosum","","Dulichium",11,"genus","Accepted"
"811","Sorghi halepensis","","Sorghum",12,"genus","Accepted"
"812","Agoseris scorzoneraefolia","Agoseris scorzonerifolia","Agoseris glauca",2,"species","Accepted"
"813","Helianthi tuberosi","","Helianthum",9,"genus","Accepted"
"814","Helianthi tuberosi","","Helianthus",8,"genus","Accepted"
"815","Hemizonia luzulaefolia","Hemizonia luzulifolia","Hemizonia congesta  subsp. luzulifolia",2,"subspecies","Accepted"
"816","Heteropteridis angustifoliae","Heteropteris","Hemionitis",16,"genus","Accepted"
"817","Heteropteris angustifolia","Heteropterys angustifolia","Heteropterys glabra",1,"species","Accepted"
"818","Heteropteris glabra","","Heteropterys glabra",1,"species","Accepted"
"819","Sda spinosa","",NA,NA,NA,NA
"820","Sidae spinosae","","Sida spinosa",2,"species","Accepted"
"821","Solmiaea menziesii","","Tolmiea menziesii",2,"species","Accepted"
"822","Taraxium vulgare","","Taraxacum vulgare",2,"species","Unchecked"
"823","Taraxium vulgare","","Taraxacum vulgare",2,"species","Unchecked"
"824","Musenion divaricatum","","Musenium divaricatum",2,"species","Unchecked"
"825","Musenion divaricatum","","Musineon divaricatum",2,"species","Accepted"
"826","Peucedanum simplicis","","Peucedanum",10,"genus","Accepted"
"827","Lugwrigia virgata","","Ludwigia virgata",2,"species","Accepted"
"828","Iussiaeae longifoliae","Jussiaea longifolia","Ludwigia longifolia",3,"species","Accepted"
"829","Arrhenatherum elatior","","Arrhenatherum elatius",2,"species","Accepted"
"830","Cireae lutetiana","","Circaea lutetiana",2,"species","Accepted"
"831","Henthia canadensis","","Mentha canadensis",2,"species","Accepted"
"832","Montem regium","Montezuma","Thespesia",7,"genus","Accepted"
"833","Luzia campestris","Luma campestris","Myrceugenia campestris",2,"species","Accepted"
"834","Luzia campestris","Lepia campestris","Lepidium campestre",2,"species","Accepted"
"835","Luzia campestris","","Luzula campestris",2,"species","Accepted"
"836","Oenothera clavaeformis","Oenothera claviformis","Chylismia claviformis",2,"species","Accepted"
"837","Onopordon acanthium","","Onopordum acanthium",2,"species","Accepted"
"838","Opopanacis chironii","",NA,NA,NA,NA
"839","Oyxria digyna","","Oxyria digyna",2,"species","Accepted"
"840","Tripsaci dactyloidis","","Tripsacum",13,"genus","Accepted"
"841","Osmirrhiza brevistylis","Osmorhiza brevistylis","Osmorhiza claytonii",2,"species","Accepted"
"842","Osmirrhiza brevistylis","Osmorhiza brevistylis","Osmorhiza claytonii",2,"species","Accepted"
"843","Ozmorrhiza longistylis","","Osmorhiza longistylis",2,"species","Accepted"
"844","Carex caespitosae","","Carex caespitosa",1,"species","Unchecked"
"845","Carex caespitosae","","Carex caespitosa",1,"species","Unchecked"
"846","Carex caespitosae","","Carex caespitosa",1,"species","Unchecked"
"847","Jambos vulgaris","Jambosa vulgaris","Syzygium jambos",1,"species","Accepted"
"848","Jambos vulgaris","","Bambos vulgaris",1,"species","Unchecked"
"849","Aqueon caroliniana","","Hoffmannia arqueonervosa",19,"species","Accepted"
"850","Anemolla thalictroides","","Anemonella thalictroides",2,"species","Accepted"
"851","Isopyron thalictroides","","Isopyrum thalictroides",2,"species","Accepted"
"852","Lycopsidis arvensis","Lycopsis arvensis","Anchusa arvensis",2,"species","Accepted"
"853","Ribes nigrae","","Ribes nigrum",2,"species","Accepted"
"854","Sallium boreale","","Galium boreale",2,"species","Accepted"
"855","Agrophyrum smithii","",NA,NA,NA,NA
"856","Pucinella acroides","Bucinella nariniana","Columnea nariniana",8,"species","Accepted"
"857","Rueilla ciliosa","Ruellia ciliosa","Ruellia caroliniensis  subsp. ciliosa",2,"subspecies","Accepted"
"858","Salvia glechomaefolia","","Salvia glechomifolia",2,"species","Accepted"
"859","Callianthemum rutaefolium","Callianthemum rutifolium","Callianthemum angustifolium",2,"species","Accepted"
"860","Callianthemum rutaefolium","","Callianthemum rutifolium",2,"species","Unchecked"
"861","Saxifagra granulata","","Saxifraga granulata",2,"species","Accepted"
"862","Mahastrum coccinerum","",NA,NA,NA,NA
"863","Chamaesaracha conoides","Chamaesaracha conoides","Chamaesaracha coniodes",NA,"species","Accepted"
"864","Vernonia alamani","","Vernonia alamanii",1,"species","Accepted"
"865","Sidae acutae","","Sida acuta",2,"species","Accepted"
"866","Sileris trilobi","","Ptileris",10,"genus","Unchecked"
"867","Taraxaci officinalis","","Taraxacum",13,"genus","Accepted"
"868","Taraxaci officinalis","","Taraxacum",13,"genus","Unchecked"
"869","Taraxaci officinalis","","Taraxacum",13,"genus","Unchecked"
"870","Selva baja","Belvala","Struthiola",5,"genus","Accepted"
"871","Selva baja","","Selago",6,"genus","Accepted"
"872","Selva baja","","Selago",6,"genus","Unchecked"
"873","Selva baja","Selago","Huperzia",6,"genus","Accepted"
"874","Selva baja","Selago","Selaginella",6,"genus","Accepted"
"875","Selva baja","Selago","Selaginella",6,"genus","Accepted"
"876","Selva baja","","Sevada",5,"genus","Accepted"
"877","Selva baja","","Silvaea",5,"genus","Unchecked"
"878","Selva baja","Silvaea","Mezilaurus",5,"genus","Accepted"
"879","Stachydis rectae","","Lotodes stachydis",15,"species","Unchecked"
"880","Arundinis phragmites","","Galeandra arundinis",16,"species","Accepted"
"881","Cirsii arvensis","","Cirsium",10,"genus","Accepted"
"882","Chrysanthemi vulgaris","","Chrysanthemum",9,"genus","Accepted"
"883","Theisum pratensis","",NA,NA,NA,NA
"884","Thlaspeos alpestris","Thlaspeocarpa capensis","Heliophila suborbicularis",10,"species","Accepted"
"885","Trollii europaei","","Trollius",9,"genus","Accepted"
"886","Smirni olusatrum","","Smirnowia",9,"genus","Accepted"
"887","Smirni olusatrum","","Smyrnium",9,"genus","Accepted"
"888","Asteris tripolii","","Asteridea",10,"genus","Accepted"
"889","Asteris tripolii","","Asteriscus",9,"genus","Accepted"
"890","Asteris tripolii","","Asteriscus",9,"genus","Unchecked"
"891","Asteris tripolii","","Asterinae",10,"subtribe","Unchecked"
"892","Asteris tripolii","","Asteringa",10,"genus","Unchecked"
"893","Asteris tripolii","","Asteridia",9,"genus","Unchecked"
"894","Agoseridis greenei","","Agoseris greenei",2,"species","Unchecked"
"895","Scorzonere procera","","Scorzonera",8,"genus","Accepted"
"896","Macrorhiza troximoides","Sida macrorhiza","Callirhoe alcaeoides",18,"species","Accepted"
"897","Macrorhiza troximoides","","Beta macrorhiza",18,"species","Accepted"
"898","Taraxicum dens","","Taraxacum dentex",4,"species","Accepted"
"899","Boutela curtipendula","","Bouteloua curtipendula",2,"species","Accepted"
"900","Foliis sporoboli","Folis nudicaulis","Teesdalia nudicaulis",9,"species","Accepted"
"901","Solidaginis virgaureae","","Solidagininae",10,"subtribe","Unchecked"
"902","Virgae aureae","","Virgaria",6,"genus","Unchecked"
"903","Poae quinquedens","","Poa",13,"genus","Accepted"
"904","Zygadeni glauci","",NA,NA,NA,NA
"905","Foliis circeae","Folis nudicaulis","Teesdalia nudicaulis",10,"species","Accepted"
"906","Graellsia saxifragaefolia","","Graellsia saxifragifolia",2,"species","Accepted"
"907","Panarii corymbosi","Panarica mulasii","Prosthechea mulasii",9,"species","Accepted"
"908","Melampyri pratensis","","Melampyrum",11,"genus","Accepted"
"909","Celastria scandens","","Celastrus scandens",2,"species","Accepted"
"910","Ajugae reptantis","","Ajuga",11,"genus","Accepted"
"911","Uartutium armoracia","",NA,NA,NA,NA
"912","Bartschia alpina","","Bartsia alpina",2,"species","Accepted"
"913","Epilobii rosei","","Epilobium",7,"genus","Accepted"
"914","Viola linguaefolia","Viola linguifolia","Viola praemorsa  var. major",2,"variety","Accepted"
"915","Pithecolobium platylobum","Pithecellobium platylobum","Havardia platyloba",2,"species","Accepted"
"916","Adenanthera peregrina","","Anadenanthera peregrina",2,"species","Accepted"
"917","Pithecolobium unguis-cati","","Pithecellobium unguis-cati",2,"species","Accepted"
"918","Sarmentis clematidis","Sarmenticola calceolaris","Macroclinium calceolare",11,"species","Accepted"
"919","Echii vulgaris","Pollichia vulgaris","Lamium galeobdolon",6,"species","Accepted"
"920","Artocarpi integrifoliae","","Artocarpus",15,"genus","Accepted"
"921","Nympha odorata","","Nymphaea odorata",2,"species","Accepted"
"922","Ilicia opacae","","Alicia",8,"genus","Accepted"
"923","Salice purpurea","","Sabicea purpurea",2,"species","Accepted"
"924","Salice purpurea","","Statice purpurea",2,"species","Unchecked"
"925","Salice purpurea","","Salix purpurea",2,"species","Accepted"
"926","Fructibus crataegi","Galium aparine var. fructibushispidis","Galium aparine",30,"species","Accepted"
"927","Semotilus atromaculatus","",NA,NA,NA,NA
"928","Ligustri vulgaris","Ligustrina","Syringa",8,"genus","Accepted"
"929","Ligustri vulgaris","","Ligustrum",9,"genus","Accepted"
"930","Butus semperverum","","Buxus",13,"genus","Accepted"
"931","Aspidium filix","Aspidium flexum","Rumohra berteroana",4,"species","Accepted"
"932","Aspidium filix","Aspidium filix-mas","Dryopteris filix-mas",4,"species","Accepted"
"933","Chaetoceros viridis","","Chaetoseris",9,"genus","Accepted"
"934","Chaetoceros viridis","","Phaeoceros",10,"genus","Accepted"
"935","Plenis aquilina","Pteris aquilina","Pteridium aquilinum",2,"species","Accepted"
"936","Stipites herbarum","Goniothalamus longistipites","Goniothalamus tapisoides",24,"species","Accepted"
"937","Eu. latifolia","",NA,NA,NA,NA
"938","Glyercia fluitans","","Glyceria fluitans",2,"species","Accepted"
"939","Fagus obducens","","Fagus",9,"genus","Accepted"
"940","Odonaspis schizostachyi","",NA,NA,NA,NA
"941","Chionapsis corni","",NA,NA,NA,NA
"942","Ramis salicis","","Ramisia",7,"genus","Accepted"
"943","Ramis salicis","Ramium","Boehmeria",9,"genus","Accepted"
"944","Traun prope","Traunia","Marsdenia",6,"genus","Accepted"
"945","Epidiaspis betulae","",NA,NA,NA,NA
"946","Plantgginis lanceolata","Manulea plantaginis","Cromidon plantaginis",17,"species","Accepted"
"947","Anthirrhini majoris","","Antirrhinum",9,"genus","Accepted"
"948","Asteris cordifolia","Pteris cordifolia","Hemionitis goabica",2,"species","Accepted"
"949","Larthami tinctorii","",NA,NA,NA,NA
"950","Mimuli ringentis","","Mimulus",10,"genus","Accepted"
"951","Erigeronis canadensis","","Erigeron canadensis",2,"species","Accepted"
"952","Erigeronis canadensis","","Erigeron canadensis",2,"species","Unchecked"
"953","Erigeronis canadensis","Erigeron canadensis","Erigeron bonariensis",2,"species","Accepted"
"954","Bellavia asteroides","",NA,NA,NA,NA
"955","Helianthi doronicoides","","Helianthus doronicoides",2,"species","Unchecked"
"956","Helianthi doronicoides","Helianthus doronicoides","Helianthus Ã— doronicoides",2,"species","Accepted"
"957","Antirrhini majoris","","Antirrhinum",8,"genus","Accepted"
"958","Sorbi torminalis","","Sorbus torminalis",2,"species","Unchecked"
"959","Sorbi torminalis","","Sorbus torminalis",2,"species","Accepted"
"960","Lamii purpurei","","Lamium",9,"genus","Accepted"
"961","Corrina orientalis","Morina orientalis","Morina persica",2,"species","Accepted"
"962","Corrina orientalis","Cordia orientalis","Cordia subcordata",2,"species","Accepted"
"963","Polenium reptans","","Polemonium reptans",2,"species","Accepted"
"964","Pol. persicariae","Polla","Mnium",12,"genus","Accepted"
"965","Pol. persicariae","","Poloa",12,"genus","Unchecked"
"966","Polygonorum pennsylvanium","","Polygonatum",15,"genus","Accepted"
"967","Polygonorum pennsylvanium","","Polygonorumex",13,"genus","Unchecked"
"968","Polygonorum pennsylvanium","","Polygonum",16,"genus","Accepted"
"969","Ratalrida columnaris","",NA,NA,NA,NA
"970","Sonchus asperis","","Sonchus asper",2,"species","Unchecked"
"971","Sonchus asperis","Sonchus asper","Sonchus asper",2,"species","Accepted"
"972","Sonchus asperis","","Sonchus asper",2,"species","Accepted"
"973","Sonchus asperis","Sonchus asper","Sonchus oleraceus",2,"species","Accepted"
"974","Sonchus asperis","","Sonchus asper",2,"species","Accepted"
"975","Sonchus asperis","Sonchus asper","Sonchus oleraceus",2,"species","Accepted"
"976","Sonchus asperis","Sonchus asper","Sonchus asper",2,"species","Accepted"
"977","Folus vaccinii","Niphobolus vaccinifolius","Microgramma vacciniifolia",11,"species","Accepted"
"978","Symploci tinctoriae","","Symplocos",11,"genus","Accepted"
"979","Foliis thermopsidis","Folis nudicaulis","Teesdalia nudicaulis",11,"species","Accepted"
"980","Munella vulagris","","Musella",10,"genus","Accepted"
"981","Arbuti unedo","","Arbutus unedo",2,"species","Accepted"
"982","Lefortra canadensis","",NA,NA,NA,NA
"983","Versinica arvensis","","Veronica arvensis",2,"species","Accepted"
"984","Ivae xanthifoliae","","Iva",14,"genus","Accepted"
"985","Ivae xanthifoliae","","Iveae",12,"tribe","Unchecked"
"986","Canaria communis","Cynara communis","Cynara cardunculus",2,"species","Accepted"
"987","Tamuscum effusum","",NA,NA,NA,NA
"988","Demodii nudiflora","Rheum emodii","Rheum australe",15,"species","Accepted"
"989","Saccharina officinale","Saccharum officinale","Saccharum officinarum",3,"species","Accepted"
"990","Asclepiadis curassavica","","Asclepias curassavica",2,"species","Accepted"
"991","Asclepiadis curassavica","Asclepias curassavica","Oxypetalum erectum  subsp. campestre",2,"subspecies","Accepted"
"992","Paniculis panici-miliacei","",NA,NA,NA,NA
"993","Sentian andrewsii","","Gentiana andrewsii",2,"species","Accepted"
"994","Rapistri rugosi","","Rapistrum",7,"genus","Accepted"
"995","Filicie ramos","","Filicium",6,"genus","Accepted"
"996","Pastinacae caules","","Pastinaca",8,"genus","Accepted"
"997","Tritico repente","","Triticum",9,"genus","Accepted"
"998","Phragimitis ramos","","Phragmites",8,"genus","Accepted"
"999","Magnoliae glauceae","","Magnolia",10,"genus","Accepted"
"1000","Betulae montis","","Betula",8,"genus","Accepted"
"1001","Phasoli vulgaris","",NA,NA,NA,NA
"1002","Veronica capsulis","","Veronica",9,"genus","Accepted"
"1003","Filici sativi","","Felicia",7,"genus","Accepted"
"1004","Filici sativi","","Filicium",7,"genus","Accepted"
"1005","Filici sativi","","Milicia",7,"genus","Accepted"
"1006","Medicagine lupulinae","Medica inermis","Medicago orbicularis",10,"species","Accepted"
"1007","Pteride aquilina","Pteris aquilina","Pteridium aquilinum",2,"species","Accepted"
"1008","Cerasi serotinae","Ceraia","Dendrobium",10,"genus","Accepted"
"1009","Cerasi serotinae","Ceramia","Erica",10,"genus","Accepted"
"1010","Cerasi serotinae","","Ceraria",9,"genus","Accepted"
"1011","Cerasi serotinae","","Cerasus",10,"genus","Accepted"
"1012","Cerasi serotinae","Ceratia","Ceratonia",9,"genus","Accepted"
"1013","Ribes rubrae","","Ribes rubrum",2,"species","Accepted"
"1014","Ribes rubrae","","Ribes rubrum",2,"species","Accepted"
"1015","Alnus serratulae","","Alnus",11,"genus","Accepted"
"1016","Comari palustris","Lomaria palustris","Blechnum lineatum",2,"species","Accepted"
"1017","Eleollonia linearis","",NA,NA,NA,NA
"1018","Grewia tiliaefolia","","Grewia tiliifolia",2,"species","Accepted"
"1019","Grewia tiliaefolia","Grewia tiliifolia","Grewia amicorum",2,"species","Accepted"
"1020","Lucanus dama","Aster araucanus","Grindelia anethifolia",14,"species","Accepted"
"1021","Calbandra bijuga","","Calliandra bijuga",2,"species","Accepted"
"1022","Lugula numerosa","","Bugula",10,"genus","Unchecked"
"1023","Lugula numerosa","","Luzula",10,"genus","Accepted"
"1024","Stehherinum ocharceum","",NA,NA,NA,NA
"1025","Tseudotsuga heterophylla","","Pseudotsuga",14,"genus","Accepted"
"1026","Taxi baccatae","Tali","Connarus",10,"genus","Accepted"
"1027","Hyptidus capiratae","",NA,NA,NA,NA
"1028","Geum rivalis","","Geum rivale",2,"species","Unchecked"
"1029","Geum rivalis","","Geum rivale",2,"species","Accepted"
"1030","Geum rivalis","","Geum rivale",2,"species","Unchecked"
"1031","Geum rivalis","","Geum rivale",2,"species","Unchecked"
"1032","Haplanthus verticillatus","Haplanthus verticillaris","Haplanthodes verticillata",2,"species","Accepted"
"1033","Kalina angustifolia","","Kalmia angustifolia",2,"species","Accepted"
"1034","Kalina angustifolia","Telina angustifolia","Lotononis fastigiata",2,"species","Accepted"
"1035","Bigetoria graveolens","Bigelowia graveolens","Ericameria nauseosa  var. graveolens",2,"variety","Accepted"
"1036","Gibba marantiana","","Gibbsia",10,"genus","Accepted"
"1037","Poplar lombardi","Pollardia","Prosthechea",8,"genus","Accepted"
"1038","Pteridium aculeata","","Pteridium",9,"genus","Accepted"
"1039","Pteridium aculeata","Pteridium","Pteris",9,"genus","Accepted"
"1040","Atriplicis canescentis","","Salsola atriplicis",17,"species","Unchecked"
"1041","Prunei virginana","","Prunella",10,"genus","Accepted"
"1042","Vaccini uliginosi","","Caccinia",11,"genus","Accepted"
"1043","Vaccini uliginosi","","Vaccinium",9,"genus","Accepted"
"1044","Xantoxylon americanum","","Xanthoxylon",12,"genus","Unchecked"
"1045","Holci lanati","","Holcus",8,"genus","Accepted"
"1046","Holci lanati","Hollia","Pallavicinia",7,"genus","Accepted"
"1047","Aperae spicae","","Apera spica-venti",6,"species","Accepted"
"1048","Hydrocharis morsus","","Hydrocharis morsus-ranae",6,"species","Accepted"
"1049","Sambuco nigrae","","Sambucus",8,"genus","Accepted"
"1050","Salex discoloris","","Salix",12,"genus","Accepted"
"1051","Slex aquifolium","","Ilex aquifolium",1,"species","Accepted"
"1052","Slex aquifolium","","Ilex aquifolium",1,"species","Unchecked"
"1053","Chamycyserus nootkatensis","",NA,NA,NA,NA
"1054","Gymnocoma interstitialis","Gymnopoma","Skiatophytum",16,"genus","Accepted"
"1055","Gymnocoma interstitialis","","Gymnoloma",16,"genus","Unchecked"
"1056","Padi racemosae","",NA,NA,NA,NA
"1057","Steiroma ciliatum","Steironema ciliatum","Lysimachia ciliata",2,"species","Accepted"
"1058","Steiroma ciliatum","Steironema ciliatum","Lysimachia ciliata",2,"species","Accepted"
"1059","Flustra foliacea","","Ardisia lustrata",13,"species","Accepted"
"1060","Viburnum prunifoliae","","Viburnum prunifolium",2,"species","Accepted"
"1061","Pomaduris pritzeliana","",NA,NA,NA,NA
"1062","Salva sericea","","Dalea sericea",2,"species","Accepted"
"1063","Salva sericea","","Dalea sericea",2,"species","Accepted"
"1064","Salva sericea","","Salix sericea",2,"species","Unchecked"
"1065","Salva sericea","Salix sericea","Salix glauca",2,"species","Accepted"
"1066","Salva sericea","","Salix sericea",2,"species","Accepted"
"1067","Athyrii cyclosori","","Athyrium",11,"genus","Accepted"
"1068","Athyrii cyclosori","","Athyrium",11,"genus","Accepted"
"1069","Cenoclea sensibilis","","Onoclea sensibilis",2,"species","Accepted"
"1070","Capricidina prope","","Rosa lapicidinarum",12,"species","Unchecked"
"1071","Conir maculati","","Conium",9,"genus","Accepted"
"1072","Conir maculati","","Coniza",9,"genus","Unchecked"
"1073","Conir maculati","","Conisa",9,"genus","Unchecked"
"1074","Potentillae vanae","","Potentilla",7,"genus","Accepted"
"1075","Roja camina","","Rosa canina",2,"species","Unchecked"
"1076","Roja camina","","Rosa canina",2,"species","Accepted"
"1077","Roja camina","","Rosa canina",2,"species","Unchecked"
"1078","Roja camina","","Rosa canina",2,"species","Unchecked"
"1079","Roja camina","","Rosa canina",2,"species","Unchecked"
"1080","Polypodii dryopteridis","","Polypodium",14,"genus","Accepted"
"1081","Bombacis malabarici","",NA,NA,NA,NA
"1082","Onerythrina glauca","","Hoya erythrina",12,"species","Accepted"
"1083","Coccobis uvifera","Coccolobis uvifera","Coccoloba uvifera",2,"species","Accepted"
"1084","Elephantopodis tomentosi","Elephantopsis biflora","Elephantopus biflorus",10,"species","Accepted"
"1085","Facelidis apiculatae","",NA,NA,NA,NA
"1086","Ficus caricae","","Ficus carica",1,"species","Accepted"
"1087","Habenava maculosa","","Habenaria maculosa",2,"species","Accepted"
"1088","Cuniliae marianae","",NA,NA,NA,NA
"1089","Lespedeziae violaceae","","Lespedeza violacea",3,"species","Accepted"
"1090","Polypodii fragilis","","Polypodium",10,"genus","Accepted"
"1091","Alneto incanae","","Alletotheca",7,"genus","Unchecked"
"1092","Colichici autumnalis","",NA,NA,NA,NA
"1093","Thalictrum alpini","","Thalictrum alpinum",2,"species","Accepted"
"1094","Thalictrum alpini","Thalictrum albinii","Thalictrum speciosissimum  subsp. albini",2,"subspecies","Accepted"
"1095","Trigonella foenum-graceum","","Trigonella foenum-graecum",2,"species","Accepted"
"1096","Plantatinis aristatae","Manulea plantaginis","Cromidon plantaginis",18,"species","Accepted"
"1097","Aera caespitosa","Aira caespitosa","Deschampsia cespitosa",1,"species","Accepted"
"1098","Aera caespitosa","Aira caespitosa","Poa alopecurus",1,"species","Accepted"
"1099","Dolicholus texanus","Dolicholus texanus","Rhynchosia senna  var. texana",NA,"variety","Accepted"
"1100","Chamaesyces stricticaulis","","Chamaesyce",15,"genus","Accepted"
"1101","Laythrus obovatus","Lathyrus obovatus","Lathyrus nevadensis  subsp. nevadensis",2,"subspecies","Accepted"
"1102","Viccia cracca","","Vicia cracca",1,"species","Accepted"
"1103","Ranunculi ficariae","","Ranunculus",10,"genus","Accepted"
"1104","Oxytropidis campestris","","Oxytropis campestris",2,"species","Accepted"
"1105","Gernaium palustris","",NA,NA,NA,NA
"1106","Gernaium pratensis","",NA,NA,NA,NA
"1107","Sapii biglandulosi","","Sapium",13,"genus","Accepted"
"1108","Sapii biglandulosi","","Sapria",13,"genus","Accepted"
"1109","Hedysari pabularis","","Hedysarum",10,"genus","Accepted"
"1110","Elodea virginiana","","Elodea virginica",2,"species","Unchecked"
"1111","Erigonom virgatum","Eriogonum virgatum","Eriogonum roseum",2,"species","Accepted"
"1112","Ranunculus calthaeflorus","Ranunculus calthiflorus","Ranunculus inamoenus",2,"species","Accepted"
"1113","Anibrosia psilostachya","","Ambrosia psilostachya",2,"species","Accepted"
"1114","Circinum flodmanii","","Cirsium flodmanii",2,"species","Accepted"
"1115","Gernaium pyrenaica","",NA,NA,NA,NA
"1116","Lespedizae violacea","","Lespedeza violacea",2,"species","Accepted"
"1117","Lilii candidi","","Lilium",9,"genus","Accepted"
"1118","Latice elongata","","Statice elongata",2,"species","Unchecked"
"1119","Hippuridis vulgaris","","Hippuris vulgaris",2,"species","Accepted"
"1120","Muscarum comosum","Muscari comosum","Leopoldia comosa",2,"species","Accepted"
"1121","Opophilus subcopiosus","","Rubus napophilus",14,"species","Unchecked"
"1122","Phaseoli vulgaris","","Phaseolus vulgaris",2,"species","Accepted"
"1123","Phaseolorum hortorum","Phaeolorum","Carex",10,"genus","Accepted"
"1124","Aceria penninercsis","Aberia","Dovyalis",14,"genus","Accepted"
"1125","Aceria penninercsis","Aeria","Gaussia",14,"genus","Accepted"
"1126","Aceria penninercsis","","Ageria",14,"genus","Unchecked"
"1127","Glauca biennis","Gaura biennis","Oenothera gaura",2,"species","Accepted"
"1128","Polygonum auriculare","","Polygonum aviculare",2,"species","Accepted"
"1129","Nothoscardum arizonicum","","Nothoscordum",12,"genus","Accepted"
"1130","Psoroleae lanceolata","Psoralea lanceolata","Ladeania lanceolata",2,"species","Accepted"
"1131","Psoroleae lanceolata","","Psoralea lanceolata",2,"species","Unchecked"
"1132","Homaolaus caespitosus","Homalobus caespitosus","Astragalus spatulatus",3,"species","Accepted"
"1133","Homaolaus caespitosus","Homalobus caespitosus","Astragalus spatulatus",3,"species","Accepted"
"1134","Hermannskogel prope","",NA,NA,NA,NA
"1135","Trifolium repentis","","Trifolium repens",2,"species","Accepted"
"1136","Zyga denus","Zaga","Abrus",7,"genus","Accepted"
"1137","Zyga denus","","Zygia",7,"genus","Accepted"
"1138","Cari carvi","",NA,NA,NA,NA
"1139","Petalostemon purpureum","Petalostemon purpureus","Dalea purpurea",1,"species","Accepted"
"1140","Odostemonis aquifolii","Odostemon aquifolium","Berberis aquifolium",4,"species","Accepted"
"1141","Aera caespilosa","Aira caespitosa","Deschampsia cespitosa",2,"species","Accepted"
"1142","Aera caespilosa","Aira caespitosa","Poa alopecurus",2,"species","Accepted"
"1143","Avensis sativus","",NA,NA,NA,NA
"1144","Cardui acanthoidis","Carui","Carum",13,"genus","Accepted"
"1145","Sativa italica","",NA,NA,NA,NA
"1146","Cynodontis dactylon","","Cynodontium",10,"genus","Accepted"
"1147","Holostei umbellati","","Holosteum",9,"genus","Accepted"
"1148","Triticum repentis","Triticum repens","Elymus repens",2,"species","Accepted"
"1149","Triticum repentis","Triticum repens","Elymus hispidus",2,"species","Accepted"
"1150","Zeae infestans","","Centaurea infestans",6,"species","Accepted"
"1151","Zeae infestans","","Lejeunea infestans",6,"species","Accepted"
"1152","Serataria glauca","Setaria glauca","Cenchrus americanus",2,"species","Accepted"
"1153","Dactyloctenium aegypticum","Dactyloctenium aegyptiacum","Dactyloctenium aegyptium",1,"species","Accepted"
"1154","Dactyloctenium aegypticum","","Dactyloctenium aegyptium",1,"species","Accepted"
"1155","Vilma vaginaeflora","Vilfa","Agrostis",13,"genus","Accepted"
"1156","Aceria pseudoplatani","Aberia","Dovyalis",15,"genus","Accepted"
"1157","Aceria pseudoplatani","Aeria","Gaussia",15,"genus","Accepted"
"1158","Aceria pseudoplatani","","Ageria",15,"genus","Unchecked"
"1159","Sarmentis rubi","Sarmenticola calceolaris","Macroclinium calceolare",14,"species","Accepted"
"1160","Truncis carpini","","Peperomia trunciseda",17,"species","Accepted"
"1161","Ramulis corni","","Rubus spiniramulis",13,"species","Unchecked"
"1162","Ramis pruni","","Zamia prunifera",6,"species","Unchecked"
"1163","Ramis sorbi","","Pedicularis sorbifolia",13,"species","Accepted"
"1164","Gledistria triacanthos","","Gleditsia triacanthos",2,"species","Accepted"
"1165","Gerhardiae quercifoliae","Gerardia quercifolia","Aureolaria virginica",3,"species","Accepted"
"1166","Cerasi lusitanicae","Ceraia","Dendrobium",12,"genus","Accepted"
"1167","Cerasi lusitanicae","Ceramia","Erica",12,"genus","Accepted"
"1168","Cerasi lusitanicae","","Ceraria",12,"genus","Accepted"
"1169","Cerasi lusitanicae","","Cerasus",11,"genus","Accepted"
"1170","Cerasi lusitanicae","Ceratia","Ceratonia",11,"genus","Accepted"
"1171","Megarhiza oregona","Megarrhiza oregona","Marah oreganus",1,"species","Accepted"
"1172","Rulers strigosus","","Bulbophyllum raulersoniae",21,"species","Unchecked"
"1173","Solsela pestifera","",NA,NA,NA,NA
"1174","Populus prope","Populus przewalskii","Populus simonii",9,"species","Accepted"
"1175","Ramubia fraxinea","Ramusia","Dicliptera",10,"genus","Accepted"
"1176","Pruno spinosa","Arundo spinosa","Bambusa spinosa",2,"species","Accepted"
"1177","Pruno spinosa","","Prunus spinosa",2,"species","Unchecked"
"1178","Pruno spinosa","","Prunus spinosa",2,"species","Accepted"
"1179","Salex decidua","","Carex decidua",2,"species","Accepted"
"1180","Salex decidua","","Ilex decidua",2,"species","Accepted"
"1181","Cascarillae venalis","Cascarilla","Ladenbergia",9,"genus","Accepted"
"1182","Eriogonum pyrolaefolium","","Eriogonum pyrolifolium",2,"species","Accepted"
"1183","Eythrenum americanum","",NA,NA,NA,NA
"1184","Isatidis tinctoriae","",NA,NA,NA,NA
