,spec.name,Old.name,scientificName,Fuzzy.dist,taxonRank,taxonomicStatus,manual name,manual.auth
648,Acer negundinis,,Acer,11,genus,Accepted,Acer negundo,L.
610,Loti americani,Lotea,Lotus,9,genus,Accepted,Acmispon americanus,Nutt. Rydb.
695,Acori calami,,Acorus,8,genus,Accepted,Acorus calamus,L.
510,Acteae spirata,,Actaea,8,genus,Accepted,Actaea spicata,L.
301,Agropynum repens,,NA,NA,NA,NA,Elymus repens,(L.) Gould
855,Agrophyrum smithii,,NA,NA,NA,NA,Elymus smithii,(Rydb.) Gould
163,Ailanthi glandulosi,,Ailanthus,10,genus,Accepted,Ailanthus altissima,(Mill.) Swingle
910,Ajugae reptantis,,Ajuga,11,genus,Accepted,Ajuga reptans,L.
744,Aletridis farinosae,,NA,NA,NA,NA,Aletris farinosa,L.
321,Alismatis plantaginis,,NA,NA,NA,NA,Alisma plantago-aquatica,L.
1091,Alneto incanae,,Alletotheca,7,genus,Unchecked,Alnus incana,(L.) Moench
1015,Alnus serratulae,,Alnus,11,genus,Accepted,Alnus serrulata,Willd.
904,Zygadeni glauci,,NA,NA,NA,NA,Anticlea elegans subsp. glauca,(Nutt.) A. Haines
429,Acrtostaphyli pumilae,,NA,NA,NA,NA,Arctostaphylos pumila,Nutt.
920,Artocarpi integrifoliae,,Artocarpus,15,genus,Accepted,Artocarpus integer,(Thunb.) Merr.
1067,Athyrii cyclosori,,Athyrium,11,genus,Accepted,Athyrium cyclosorum,(Rupr.) Maxon
1081,Bombacis malabarici,,NA,NA,NA,NA,Bombax ceiba,L.
364,Borraginis officinalis,,NA,NA,NA,NA,Borago officinalis,L.
626,Brabeii stellatifolii,,NA,NA,NA,NA,Brabejum stellatifolium,L.
376,Lithospermi arvensis,,Lithospermum,10,genus,Accepted,Buglossoides arvensis,(L.) I.M. Johnst.
212,Butomi umbellati,,Butomus,10,genus,Accepted,Butomus umbellatus,L.
930,Butus semperverum,,Buxus,13,genus,Accepted,Buxus sempervirens,L.
90,Buxi sempervirentis,,Buxus,15,genus,Accepted,Buxus sempervirens,L.
777,Convolobus sepium,,NA,NA,NA,NA,Calystegia sepium,(L.) R. Br.
778,Covolvuli sepium,,NA,NA,NA,NA,Calystegia sepium,(L.) R. Br.
734,Canabidis ruderalis,,NA,NA,NA,NA,Cannabis sativa,L.
1138,Cari carvi,,NA,NA,NA,NA,Carum carvi,L.
534,Celtidis aculeatae,,Celtidinae,9,subtribe,Unchecked,Celtis iguanaea,(Jacq.) Sarg.
632,Cerastii anomali,,Cerastium,8,genus,Accepted,Cerastium dubium,(Bastard) Guepin
326,Cerasi virginianae,,Cerasus,13,genus,Accepted,Cerasus virginiana,unchecked
440,Bliti capitati,,Blitum,10,genus,Unchecked,Chenopodium capitatum,(L.) Asch.
772,Cichorii intybi,,Cichorium,8,genus,Accepted,Cichorium intybus,L.
59,Cersii arvensis,,NA,NA,NA,NA,Cirsium arvense,(L.) Scop.
881,Cirsii arvensis,,Cirsium,10,genus,Accepted,Cirsium arvense,(L.) Scop.
537,Cladii marisci,,Cladium,8,genus,Accepted,Cladium mariscus,Pohl
1092,Colichici autumnalis,,NA,NA,NA,NA,Colchicum autumnale,L.
268,Coryli avellanae,,Corylus,11,genus,Accepted,Corylus avellana,L.
775,Crepidis foetidae,,Crepidium,10,genus,Accepted,Crepis foetida,L.
1088,Cuniliae marianae,,NA,NA,NA,NA,Cunila origanoides,(L.) Britton
984,Ivae xanthifoliae,,Iva,14,genus,Accepted,Cyclachaena xanthiifolia,(Nutt.) Fresen.
1090,Polypodii fragilis,,Polypodium,10,genus,Accepted,Cystopteris fragilis,(L.) Bernh.
291,Dauci carotae,,Daucus,9,genus,Accepted,Daucus carota,L.
566,Derridis ellipticae,,NA,NA,NA,NA,Derris elliptica,(Wall.) Benth.
615,Desmodi canescentis,,Desmodium,12,genus,Accepted,Desmodium canescens,(L.) canescens 
353,Eryngii campestris,,Eryngium,11,genus,Accepted,Eryngium campestre,L.
1183,Eythrenum americanum,,NA,NA,NA,NA,Erythronium americanum,Ker Gawl.
1085,Facelidis apiculatae,,NA,NA,NA,NA,Facelis retusa subsp. retusa,Beauverd
802,Fuirenae squamosae,,Fuirena,11,genus,Accepted,Fuirena squarrosa,Michx.
805,Galium veri,,NA,NA,NA,NA,Galium verum,L.
1105,Gernaium palustris,,NA,NA,NA,NA,Geranium palustre,L.
1106,Gernaium pratensis,,NA,NA,NA,NA,Geranium pratense,L.
1115,Gernaium pyrenaica,,NA,NA,NA,NA,Geranium pyrenaicum,Burm.f.
332,Gernaium rotundifoliae,,NA,NA,NA,NA,Geranium rotundifolium,L.
354,Glaucii lutei,,Glaucium,6,genus,Accepted,Glaucium flavum,Crantz
1080,Polypodii dryopteridis,,Polypodium,14,genus,Accepted,Gymnocarpium dryopteris,(L.) Newman
1109,Hedysari pabularis,,Hedysarum,10,genus,Accepted,Hedysarum boreale subsp. boreale,Nutt.
816,Heteropteridis angustifoliae,Heteropteris,Hemionitis,16,genus,Accepted,Heteropterys glabra,Hook. & Arn.
1045,Holci lanati,,Holcus,8,genus,Accepted,Holcus lanatus,L.
1147,Holostei umbellati,,Holosteum,9,genus,Accepted,Holosteum umbellatum,L.
23,Houstoniatum coerulea,,Houstonia coerulea var. elatior,16,variety,Unchecked,Houstonia coerulea ,L.
735,Humili lupuli,,Humiria,8,genus,Accepted,Humulus lupulus,L.
9,Hygrophylla scrphyllum,,Hygrophila,13,genus,Accepted,Hygrophila serpyllum,T.Anderson
761,Sedi telephii,,Reseda telephiifolia,9,species,Accepted,Hylotelephium telephium,(L.) H. Ohba
378,Hypercium hirsulum,,NA,NA,NA,NA,Hypericum hirsutum,L.
104,Prini coriaceae,,Prinos,10,genus,Accepted,Ilex coriacea,Pursh
727,Ilicem opacum,,NA,NA,NA,NA,Ilex opaca,Aiton
133,Acnisti arborescentis,,Acnistus,14,genus,Unchecked,Iochroma arborescens,
960,Lamii purpurei,,Lamium,9,genus,Accepted,Lamium purpureum,L.
93,Lathryi nigri,Lathriogyna,Amphithalea,7,genus,Accepted,Lathyrus niger,(L.) Bernh.
681,Leucothoeae acuminatis,,Leucothoe,13,genus,Accepted,Leucothoe acuminata,(Aiton) G.Don
929,Ligustri vulgaris,,Ligustrum,9,genus,Accepted,Ligustrum vulgare,L.
1117,Lilii candidi,,Lilium,9,genus,Accepted,Lilium candida,L.
523,Lini cathartici,,NA,NA,NA,NA,Linum catharticum,L.
413,Lewistonia chinensis,,NA,NA,NA,NA,Livistona chinensis,R.Br.
664,Lolii perennis,,Lolium,10,genus,Accepted,Lolium perenne,L.
826,Peucedanum simplicis,,Peucedanum,10,genus,Accepted,Lomatium simplex,J.F. Macbr
999,Magnoliae glauceae,,Magnolia,10,genus,Accepted,Magnolia elegans,(Blume) H. Keng
908,Melampyri pratensis,,Melampyrum,11,genus,Accepted,Melampyrum pratense,L.
358,Menispermi canadensis,,Menispermum,12,genus,Accepted,Menispermum canadense,L.
950,Mimuli ringentis,,Mimulus,10,genus,Accepted,Mimulus ringens,L.
722,Nothofagi pumilo,,Nothofagus,7,genus,Accepted,Nothofagus pumilio,(Poepp. & Endl.) Krasser
498,Origani vulgaris,,Origanum,9,genus,Accepted,Origanum vulgare,L.
703,Ornithogali narbonensis,,Ornithogalum,13,genus,Accepted,Ornithogalum narbonense,L.
672,Paspali dasyphylli,,Paspalum,12,genus,Accepted,Paspalum setaceum,Michx.
752,Penniseti setosi,,Pennisetum,8,genus,Accepted,Pennisetum polystachion,(L.) Schult.
173,Penstemonis cobaeae,,Penstemon,10,genus,Accepted,Penstemon cobaea,Nutt.
1001,Phasoli vulgaris,,NA,NA,NA,NA,Phaseolus vulgaris,L.
122,Phorodendri undulati,,Phoradendron,10,genus,Accepted,Phoradendron undulatum,(Pohl ex DC.) Eichler
742,Picnomi acarnae,,Picnomon,8,genus,Accepted,Picnomon acarna,(L.) Cass.
457,Pineto silvestris,,Pintoa,12,genus,Accepted,Pinus sylvestris,L.
236,Pithecolobii dulcis,,Pithecolobium,7,genus,Accepted,Pithecollobium dulce,(Roxb.) Benth.
408,Plantus occidentalis,,,4,species,Accepted,Platanus occidentalis,L.
114,Podocarpi coriacei,,Podocarpus,10,genus,Accepted,Podocarpus coriaceus,Rich.
480,Polygonati officinalis,,Polygonatum,13,genus,Accepted,Polygonatum odoratum,
493,Polytichii communis,,NA,NA,NA,NA,Polytrichum commune,Hedw.
525,Populus canescentis,,Populus,12,genus,Accepted,Populus x canescens,(Aiton) Sm.
1169,Cerasi lusitanicae,,Cerasus,11,genus,Accepted,Prunus lusitanica,L.
1056,Padi racemosae,,NA,NA,NA,NA,Prunus padus,L.
1011,Cerasi serotinae,,Cerasus,10,genus,Accepted,Prunus serotina,Ehrh.
1041,Prunei virginana,,Prunella,10,genus,Accepted,Prunus virginiana,L.
1103,Ranunculi ficariae,,Ranunculus,10,genus,Accepted,Ranunculus ficaria,L.
362,Ranunculi repentis,,Ranunculus,9,genus,Accepted,Ranunculus repens,L.
363,Ranuneuli repentis,,NA,NA,NA,NA,Ranunculus repens,L.
55,Raphani sativi,,Raphanus,7,genus,Accepted,Raphanus sativus,L.
994,Rapistri rugosi,,Rapistrum,7,genus,Accepted,Rapistrum rugosum,(L.) All.
181,Rhamnus catharicus,,Rhamnus,11,genus,Accepted,Rhamnus cathartica,L.
151,Rhamnus laceolatus,Ozothamnus lanceolatus,Ozothamnus glomeratus,5,species,Accepted,Rhamnus lanceolata,Pursh
226,Alectorolophi majoris,Alectorolophus,Rhinanthus,8,genus,Accepted,Rhinanthus major,L.
467,Ledi palustris,,NA,NA,NA,NA,Ledum palustre,L.
675,Sacchari spontanei,,Saccharum,11,genus,Accepted,Saccharum spontaneum,L.
98,Blechni volubilis,,Blechnum,10,genus,Accepted,Salpichlchlaena volubilis,(Kaulf.) J.Sm.
1049,Sambuco nigrae,,Sambucus,8,genus,Accepted,Sambucus nigra,L.
563,Sambux racemosa,,Sambucus,8,genus,Accepted,Sambucus racemosa,L.
1107,Sapii biglandulosi,,Sapium,13,genus,Accepted,Sapium glandulosum,(L.) Morong.
186,Sapii veri,,Sapium,6,genus,Accepted,Sapium stylare,Mull. Arg.
336,Sedi acris,,Sedum,7,genus,Accepted,Sedum acre,L.
710,Sicyi angulati,,,10,genus,Accepted,Sicyos angulatus,L.
342,Sidaliae candida,,NA,NA,NA,NA,Sidalcea candida,A.Gray
637,Silphii integrifolii,,Silphium,14,genus,Accepted,Silphium integrifolium,Michx.
230,Liabi discoloris,,Liabum,12,genus,Accepted,Sinclairia discolor,Hook & Arn.
887,Smirni olusatrum,,Smyrnium,9,genus,Accepted,Smyrnium olusatrum,L.
456,Sorgho vulgari,,Sorghum,8,genus,Accepted,Sorghum bicolor,(L.) Moench
194,Solidaginis altissima,,Solidagininae,10,subtribe,Unchecked,Solidago altissima,L.
221,Solliidago canadensis,,Solidago canadensis,2,species,Accepted,Solidago canadensis,L.
633,Solidaginis rigidae,,Solidagininae,7,subtribe,Unchecked,Solidago rigida,L.
901,Solidaginis virgaureae,,Solidagininae,10,subtribe,Unchecked,Solidago virgaurea,L.
391,Sorbi aucupariae,,Sorbus,11,genus,Accepted,Sorbus aucuparia,L.
811,Sorghi halepensis,,Sorghum,12,genus,Accepted,Sorghum halapense,Pers.
278,Stenolobii stantis,Stenolobium,Tecoma,9,genus,Accepted,Tecoma stans,(L.) Kunth
387,Theisum humilis,,NA,NA,NA,NA,Thesium humile,Vahl
496,Theisum montani,,NA,NA,NA,NA,Thesium bavarum,Schrank
883,Theisum pratensis,,NA,NA,NA,NA,Thesium pratense,
318,Tiliae pubescentis,,Tilia,13,genus,Accepted,Tilia pubescens,Aiton
388,Tordylii maximi,,Tordylium,7,genus,Accepted,Tordylium maximum,L.
295,Tragopogonis majoris,,Tragopogon,10,genus,Accepted,Tragopogon major,Jacq.
840,Tripsaci dactyloidis,,Tripsacum,13,genus,Accepted,Tripsacum dactyloides,L.
885,Trollii europaei,,Trollius,9,genus,Accepted,Trollius europaeus,L.
1043,Vaccini uliginosi,,Vaccinium,9,genus,Accepted,Vaccinium uliginosum,L.
115,Vaccinium vitis,,Vaccinium viride,3,species,Accepted,Vaccinium vitis-idea,L.
402,Veronica praecocis,Veronica praecox subsp. kavusica,Veronica glauca  subsp. kavusica,16,subspecies,Accepted,Veronica praecox,All.
260,Cynanchi vincetoxici,,Cynanchum,13,genus,Accepted,Vincetoxicum hirundinaria,Medik.
365,Acer rubrae,,Acer rubrum,2,species,Accepted,,
916,Adenanthera peregrina,,Anadenanthera peregrina,2,species,Accepted,,
586,Adonidis vernalis,,Adonis vernalis,2,species,Accepted,,
425,Aedes craggi,,Aedesia,6,genus,Accepted,,
682,Aegopodii podagraria,,Aegopodium podagraria,2,species,Accepted,,
683,Aegopodii podagrariae,,Aegopodium podagraria,3,species,Accepted,,
66,Agastache scrophulariaefolia,,Agastache scrophulariifolia,2,species,Accepted,,
894,Agoseridis greenei,,Agoseris greenei,2,species,Unchecked,,
812,Agoseris scorzoneraefolia,Agoseris scorzonerifolia,Agoseris glauca,2,species,Accepted,,
739,Agropyra repens,Agropyron repens,Elymus repens,2,species,Accepted,,
569,Alchomea cordifolia,,Alchornea cordifolia,2,species,Accepted,,
639,Aliariae offcinalis,Cacalia alliariae,Adenostyles alliariae,13,species,Accepted,,
679,Allophyllus edulis,,Allophylus edulis,1,species,Accepted,,
640,Allysum saxatile,Alyssum saxatile,Aurinia saxatilis,2,species,Accepted,,
531,Alyxia olivaeformis,Alyxia oliviformis,Alyxia stellata,2,species,Accepted,,
850,Anemolla thalictroides,,Anemonella thalictroides,2,species,Accepted,,
1113,Anibrosia psilostachya,,Ambrosia psilostachya,2,species,Accepted,,
368,Ansimckia intermedia,Amsinckia intermedia,Amsinckia menziesii  var. intermedia,2,variety,Accepted,,
307,Anthemidis tinctoriae,Anthemis tinctoria,Cota tinctoria,3,species,Accepted,,
595,Antherici ramosi,Anthericum ramosissimum,Echeandia ramosissima,8,species,Accepted,,
99,Antiaridis toxicaria,,Antiaris toxicaria,2,species,Accepted,,
1047,Aperae spicae,,Apera spica-venti,6,species,Accepted,,
981,Arbuti unedo,,Arbutus unedo,2,species,Accepted,,
829,Arrhenatherum elatior,,Arrhenatherum elatius,2,species,Accepted,,
603,Articum lappa,Arctium lappa,Arctium lappa,2,species,Accepted,,
88,Asceplias cornuta,Asclepias cornuta,Gomphocarpus fruticosus  subsp. fruticosus,2,subspecies,Accepted,,
180,Asclepiades jamesii,Asclepias jamesii,Asclepias latifolia,2,species,Accepted,,
990,Asclepiadis curassavica,,Asclepias curassavica,2,species,Accepted,,
691,Asclepiadis tuberosa,,Asclepias tuberosa,2,species,Accepted,,
579,Ascophyllum nodosum,Anisophyllum nodosum,Euphorbia clusiifolia,3,species,Accepted,,
754,Asparagi officinalis,,Asparagus officinalis,2,species,Accepted,,
505,Asphondylia mayeri,Selinum sphondylium,Heracleum sphondylium,15,species,Accepted,,
718,Asteris fremontii,Aster fremontii,Symphyotrichum spathulatum,2,species,Accepted,,
912,Bartschia alpina,,Bartsia alpina,2,species,Accepted,,
272,Berbens aquifolium,,Berberis aquifolium,2,species,Accepted,,
18,Berberidis vulgaris,,Berberis vulgaris,2,species,Accepted,,
273,Berberis auqifolium,,Berberis aquifolium,2,species,Accepted,,
203,Biccicolla cucullaria,Bicuculla cucullaria,Dicentra cucullaria,3,species,Accepted,,
670,Bontelona oligostachya,Bouteloua oligostachya,Bouteloua gracilis,2,species,Accepted,,
899,Boutela curtipendula,,Bouteloua curtipendula,2,species,Accepted,,
517,Breyma rhamnoides,Breynia rhamnoides,Breynia vitis-idaea,2,species,Accepted,,
238,Buddeleia asiatica,,Buddleja asiatica,2,species,Accepted,,
540,Buddleyae auriculatae,,Buddleja auriculata,3,species,Accepted,,
762,Bupleuri falci,,Bupleurum,7,genus,Accepted,,
153,Cajamas indicus,Cajanus indicus,Cajanus cajan,2,species,Accepted,,
1021,Calbandra bijuga,,Calliandra bijuga,2,species,Accepted,,
859,Callianthemum rutaefolium,Callianthemum rutifolium,Callianthemum angustifolium,2,species,Accepted,,
698,Calthus palustris,,Caltha palustris,2,species,Accepted,,
768,Caltthae palustris,,Caltha palustris,2,species,Accepted,,
132,Camelia theae,Camellia thea,Camellia sinensis,2,species,Accepted,,
482,Cardui scopulorum,Carduus scopulorum,Cirsium eatonii  var. eriocephalum,2,variety,Accepted,,
309,Carex acutae,,Carex acuta,1,species,Accepted,,
73,Carex brunnescentis,,Carex brunnescens,2,species,Accepted,,
844,Carex caespitosae,,Carex caespitosa,1,species,Unchecked,,
71,Carex luzulaefolia,,Carex luzulifolia,2,species,Accepted,,
794,Carex teneraeformis,Carex teneriformis,Carex subfusca,2,species,Accepted,,
319,Caryea albae,,Carya alba,2,species,Accepted,,
1181,Cascarillae venalis,Cascarilla,Ladenbergia,9,genus,Accepted,,
909,Celastria scandens,,Celastrus scandens,2,species,Accepted,,
1069,Cenoclea sensibilis,,Onoclea sensibilis,2,species,Accepted,,
863,Chamaesaracha conoides,Chamaesaracha conoides,Chamaesaracha coniodes,NA,species,Accepted,,
774,Circeae alpina,,Circaea alpina,2,species,Accepted,,
407,Citrulli vulgaris,Citrullus vulgaris,Citrullus lanatus,2,species,Accepted,,
68,Clea europaea,,Olea europaea,1,species,Accepted,,
339,Clerodendron intermedium,,Clerodendrum intermedium,2,species,Accepted,,
340,Clerodendron intermedium,Clerodendrum intermedium,Clerodendrum dusenii,2,species,Accepted,,
341,Clerodendron quadriloculare,,Clerodendrum quadriloculare,2,species,Accepted,,
1083,Coccobis uvifera,Coccolobis uvifera,Coccoloba uvifera,2,species,Accepted,,
1016,Comari palustris,Lomaria palustris,Blechnum lineatum,2,species,Accepted,,
617,Cordeus personata,,Carduus personata,2,species,Accepted,,
676,Corylea rostrata,Corylus rostrata,Corylus cornuta,2,species,Accepted,,
417,Crataegen crythropoda,,Crataegus erythropoda,3,species,Accepted,,
721,Crispa rubra,Crusea rubra,Crusea hispida  var. hispida,2,variety,Accepted,,
788,Croci pallasii,,Crocus pallasii,2,species,Accepted,,
533,Crotonis currani,,Croton curranii,3,species,Accepted,,
536,Crotonis gossypiifolii,,Croton gossypiifolius,4,species,Accepted,,
709,Dactylidis glomeratae,,Dactylis glomerata,3,species,Accepted,,
1153,Dactyloctenium aegypticum,Dactyloctenium aegyptiacum,Dactyloctenium aegyptium,1,species,Accepted,,
616,Desmodium canescentis,,Desmodium canescens,2,species,Accepted,,
793,Dianthi carthusianorum,,Dianthus carthusianorum,2,species,Accepted,,
1099,Dolicholus texanus,Dolicholus texanus,Rhynchosia senna  var. texana,NA,variety,Accepted,,
1110,Elodea virginiana,,Elodea virginica,2,species,Unchecked,,
19,Enothera biennis,,Oenothera biennis,2,species,Accepted,,
328,Epilobii montani,,Epilobium montaniforme,7,species,Accepted,,
791,Erianthi hostii,Erianthus hostii,Tripidium strictum,2,species,Accepted,,
757,Erigeron annus,Erigeron annuus,Bellis annua,1,species,Accepted,,
953,Erigeronis canadensis,Erigeron canadensis,Erigeron bonariensis,2,species,Accepted,,
1111,Erigonom virgatum,Eriogonum virgatum,Eriogonum roseum,2,species,Accepted,,
275,Eryngium yuccaefolium,,Eryngium yuccifolium,2,species,Accepted,,
128,Euonmyus europaeus,,Euonymus europaeus,2,species,Accepted,,
281,Euonmyus fortunei,,Euonymus fortunei,2,species,Accepted,,
110,Euonymus latifoliae,,Euonymus latifolius,2,species,Accepted,,
680,Euonymus verrucosae,,Euonymus verrucosus,2,species,Accepted,,
770,Eurathamia graminifolia,,Euthamia graminifolia,2,species,Accepted,,
227,Evodia meliaefolia,,Evodia meliifolia,2,species,Unchecked,,
539,Exostemmae sanctae-luciae,Exostema sanctae-luciae,Solenandra sanctae-luciae,2,species,Accepted,,
538,Fagraea plumeriaefolia,,Fagraea,15,genus,Accepted,,
299,Fagus silvaticae,,Fagus sylvatica,2,species,Accepted,,
204,Fica carica,,Ficus carica,2,species,Accepted,,
1086,Ficus caricae,,Ficus carica,1,species,Accepted,,
265,Fraxinus excelsioris,,Fraxinus excelsior,2,species,Accepted,,
304,Fucus spiralis,,Ficus spiralis,1,species,Accepted,,
804,Galanthi nivalis,,Galanthus nivalis,2,species,Accepted,,
483,Galeopsidis tetrahit,,Galeopsis tetrahit,2,species,Accepted,,
107,Gelsemium sempervirentis,,Gelsemium sempervirens,2,species,Accepted,,
1165,Gerhardiae quercifoliae,Gerardia quercifolia,Aureolaria virginica,3,species,Accepted,,
1029,Geum rivalis,,Geum rivale,2,species,Accepted,,
274,Gileditschia triacanthus,Gleditschia triacanthos,Gleditsia triacanthos,2,species,Accepted,,
1127,Glauca biennis,Gaura biennis,Oenothera gaura,2,species,Accepted,,
488,Gledistchia triacanthus,Gleditsia triacanthus,Gleditsia triacanthos,3,species,Accepted,,
404,Gledistria triacanthus,Gleditsia triacanthus,Gleditsia triacanthos,2,species,Accepted,,
155,Gleditochia triacanthos,Gleditschia triacanthos,Gleditsia triacanthos,1,species,Accepted,,
490,Gleditschia tricanthus,Gleditschia triacanthos,Gleditsia triacanthos,2,species,Accepted,,
561,Gleditschiae triacanthi,Gleditschia triacanthos,Gleditsia triacanthos,3,species,Accepted,,
562,Gleditschiae triacanthis,Gleditschia triacanthos,Gleditsia triacanthos,2,species,Accepted,,
405,Glenditschia triacanthus,Gleditschia triacanthos,Gleditsia triacanthos,2,species,Accepted,,
938,Glyercia fluitans,,Glyceria fluitans,2,species,Accepted,,
906,Graellsia saxifragaefolia,,Graellsia saxifragifolia,2,species,Accepted,,
1018,Grewia tiliaefolia,,Grewia tiliifolia,2,species,Accepted,,
235,Guajaci officinalis,Guajacum,Guaiacum,13,genus,Accepted,,
1087,Habenava maculosa,,Habenaria maculosa,2,species,Accepted,,
20,Hamamelidis japonicae,,Hamamelis japonica,3,species,Accepted,,
647,Hamamelidis virginianae,,Hamamelis virginiana,3,species,Accepted,,
1032,Haplanthus verticillatus,Haplanthus verticillaris,Haplanthodes verticillata,2,species,Accepted,,
170,Hartmanii speciosa,Hartmannia speciosa,Oenothera speciosa,2,species,Accepted,,
219,Heleocharis palustris,,Eleocharis palustris,2,species,Accepted,,
955,Helianthi doronicoides,,Helianthus doronicoides,2,species,Unchecked,,
780,Helictobeichon virens,Helictotrichon virescens,Helictotrichon junghuhnii,5,species,Accepted,,
815,Hemizonia luzulaefolia,Hemizonia luzulifolia,Hemizonia congesta  subsp. luzulifolia,2,subspecies,Accepted,,
817,Heteropteris angustifolia,Heteropterys angustifolia,Heteropterys glabra,1,species,Accepted,,
818,Heteropteris glabra,,Heteropterys glabra,1,species,Accepted,,
565,Hicoria alba,Hicorius alba,Carya alba,2,species,Accepted,,
289,Hicoria minima,Hicorius minima,Carya cordiformis,2,species,Accepted,,
357,Hieranum murorum,,Hieracium murorum,2,species,Accepted,,
1119,Hippuridis vulgaris,,Hippuris vulgaris,2,species,Accepted,,
1132,Homaolaus caespitosus,Homalobus caespitosus,Astragalus spatulatus,3,species,Accepted,,
1133,Homaolaus caespitosus,Homalobus caespitosus,Astragalus spatulatus,3,species,Accepted,,
1048,Hydrocharis morsus,,Hydrocharis morsus-ranae,6,species,Accepted,,
521,Hypericorum formosum,,Hypericum formosum,2,species,Accepted,,
690,Ilex dahoonis,Ilex dahoon,Ilex cassine,2,species,Accepted,,
433,Iris versicoloris,,Iris versicolor,2,species,Accepted,,
434,Iris versicoloris,Iris versicolor,Iris laevigata,2,species,Accepted,,
851,Isopyron thalictroides,,Isopyrum thalictroides,2,species,Accepted,,
828,Iussiaeae longifoliae,Jussiaea longifolia,Ludwigia longifolia,3,species,Accepted,,
280,Jacaranda mimosaefolia,,Jacaranda mimosifolia,2,species,Accepted,,
847,Jambos vulgaris,Jambosa vulgaris,Syzygium jambos,1,species,Accepted,,
424,Juniper virginiana,,Juniperus virginiana,2,species,Accepted,,
416,Junipera virginianae,,Juniperus,13,genus,Accepted,,
1033,Kalina angustifolia,,Kalmia angustifolia,2,species,Accepted,,
127,Lampsana communis,,Lapsana communis,1,species,Accepted,,
634,Lappa majoris,Lappa major,Arctium lappa,2,species,Accepted,,
635,Lappa majoris,Lappa major,Arctium lappa,2,species,Accepted,,
382,Lappa minores,Lappa minor,Arctium minus,2,species,Accepted,,
94,Lathyrus nigri,,Lathyrus niger,2,species,Accepted,,
1101,Laythrus obovatus,Lathyrus obovatus,Lathyrus nevadensis  subsp. nevadensis,2,subspecies,Accepted,,
740,Leonotis nepetaefolia,,Leonotis nepetifolia,2,species,Accepted,,
1089,Lespedeziae violaceae,,Lespedeza violacea,3,species,Accepted,,
1116,Lespedizae violacea,,Lespedeza violacea,2,species,Accepted,,
522,Limun lewisii,,Linum lewisii,2,species,Accepted,,
827,Lugwrigia virgata,,Ludwigia virgata,2,species,Accepted,,
835,Luzia campestris,,Luzula campestris,2,species,Accepted,,
852,Lycopsidis arvensis,Lycopsis arvensis,Anchusa arvensis,2,species,Accepted,,
737,Machaerii seemanni,,Machaerium seemannii,3,species,Accepted,,
614,Maiomia canadensis,Meibomia canadensis,Desmodium canadense,2,species,Accepted,,
491,Malloti philippinensis,Mallotus philippinensis var. pallidus,Mallotus pallidus,16,species,Accepted,,
1171,Megarhiza oregona,Megarrhiza oregona,Marah oreganus,1,species,Accepted,,
1120,Muscarum comosum,Muscari comosum,Leopoldia comosa,2,species,Accepted,,
825,Musenion divaricatum,,Musineon divaricatum,2,species,Accepted,,
351,Myosotidis intermediae,Myosotis intermedia,Myosotis arvensis,3,species,Accepted,,
511,Needandre oppositifolia,,Nectandra oppositifolia,3,species,Accepted,,
377,Nemopholia parviflora,,Nemophila parviflora,2,species,Accepted,,
507,Nerium oleandri,,Nerium oleander,2,species,Accepted,,
258,Nothofagi dombeyi,,Nothofagus dombeyi,2,species,Accepted,,
921,Nympha odorata,,Nymphaea odorata,2,species,Accepted,,
613,Octeae veraguensis,Ocotea veraguensis,Mespilodaphne veraguensis,2,species,Accepted,,
1140,Odostemonis aquifolii,Odostemon aquifolium,Berberis aquifolium,4,species,Accepted,,
836,Oenothera clavaeformis,Oenothera claviformis,Chylismia claviformis,2,species,Accepted,,
431,Omphalea pauciflora,Omphalea cauliflora,Phyllanthus cauliflorus,2,species,Accepted,,
297,Ononis repentis,Ononis repens,Ononis spinosa  subsp. procurrens,2,subspecies,Accepted,,
837,Onopordon acanthium,,Onopordum acanthium,2,species,Accepted,,
574,Opuntia ficus,Opuntia fusicaulis,Opuntia ficus-indica,5,species,Accepted,,
171,Osmarrhiza longistylis,,Osmorhiza longistylis,2,species,Accepted,,
841,Osmirrhiza brevistylis,Osmorhiza brevistylis,Osmorhiza claytonii,2,species,Accepted,,
172,Oxydendron arboreum,,Oxydendrum arboreum,2,species,Accepted,,
1104,Oxytropidis campestris,,Oxytropis campestris,2,species,Accepted,,
839,Oyxria digyna,,Oxyria digyna,2,species,Accepted,,
843,Ozmorrhiza longistylis,,Osmorhiza longistylis,2,species,Accepted,,
118,Pandani merrillii,Pandanus merrillii,Benstonea affinis,2,species,Accepted,,
584,Panicum hemitomum,,Panicum hemitomon,2,species,Accepted,,
432,Persiae palustris,,Persea palustris,2,species,Accepted,,
747,Petalostemon candidum,Petalostemon candidus,Dalea candida,1,species,Accepted,,
1139,Petalostemon purpureum,Petalostemon purpureus,Dalea purpurea,1,species,Accepted,,
719,Petalostemum purpureum,Petalostemon purpureus,Dalea purpurea,3,species,Accepted,,
688,Petesides spurius,,Petasites spurius,2,species,Accepted,,
201,Peutstemon venustus,,Penstemon venustus,2,species,Accepted,,
782,Phammus alnifolia,,Rhamnus alnifolia,2,species,Accepted,,
1122,Phaseoli vulgaris,,Phaseolus vulgaris,2,species,Accepted,,
1123,Phaseolorum hortorum,Phaeolorum,Carex,10,genus,Accepted,,
149,Phylacca decandra,Phytolacca decandra,Phytolacca americana,2,species,Accepted,,
196,Phyrma leptostachya,,Phryma leptostachya,2,species,Accepted,,
209,Pirolae rotundifoliae,,Pyrola rotundifolia,3,species,Accepted,,
249,Pirus malus,Pyrus malus,Malus domestica,1,species,Accepted,,
259,Pirus meridionalis,Pyrus meridionalis,Aria graeca,1,species,Accepted,,
567,Pithecolobii saman,Pithecolobium saman,Samanea saman,2,species,Accepted,,
136,Pithecolobium dulce,Pithecollobium dulce,Pithecellobium dulce,1,species,Accepted,,
915,Pithecolobium platylobum,Pithecellobium platylobum,Havardia platyloba,2,species,Accepted,,
917,Pithecolobium unguis-cati,,Pithecellobium unguis-cati,2,species,Accepted,,
379,Plantago majoris,,Plantago major,2,species,Accepted,,
946,Plantgginis lanceolata,Manulea plantaginis,Cromidon plantaginis,17,species,Accepted,,
578,Platani occidentalis,,Platanus occidentalis,2,species,Accepted,,
393,Platani orientalis,,Platanus orientalis,2,species,Accepted,,
935,Plenis aquilina,Pteris aquilina,Pteridium aquilinum,2,species,Accepted,,
601,Plutonus occidentalis,,Platanus occidentalis,2,species,Accepted,,
903,Poae quinquedens,,Poa,13,genus,Accepted,,
316,Podocarpi macrophylli,,Podocarpus macrophyllus,4,species,Accepted,,
178,Polygonae convolvuli,,Polygonum convolvuliforme,7,species,Unchecked,,
1128,Polygonum auriculare,,Polygonum aviculare,2,species,Accepted,,
179,Polygonum hydropiperis,Polygonum hydropiper,Persicaria hydropiper,2,species,Accepted,,
524,Polygonum spergulariaeforme,,Polygonum spergulariiforme,2,species,Accepted,,
738,Polytrichum juniperum,,Polytrichum juniperinum,2,species,Accepted,,
513,Popula alba,,Populus alba,2,species,Accepted,,
526,Populus anomala,,Populus,8,genus,Accepted,,
139,Pruno cerasi,,Prunus cerasia,3,species,Accepted,,
1178,Pruno spinosa,,Prunus spinosa,2,species,Accepted,,
1130,Psoroleae lanceolata,Psoralea lanceolata,Ladeania lanceolata,2,species,Accepted,,
1007,Pteride aquilina,Pteris aquilina,Pteridium aquilinum,2,species,Accepted,,
154,Ptilona virgata,Ptiloria virgata,Stephanomeria virgata  subsp. virgata,2,subspecies,Accepted,,
1112,Ranunculus calthaeflorus,Ranunculus calthiflorus,Ranunculus inamoenus,2,species,Accepted,,
684,Rhamnus betulaefolia,Rhamnus betulifolia,Frangula betulifolia,2,species,Accepted,,
176,Rhamnus discoloris,Rhamnus discolor,Frangula discolor,2,species,Accepted,,
177,Rhamnus discoloris,Rhamnus discolor,Frangula discolor,2,species,Accepted,,
506,Rhaphanns sativus,Raphanus sativus,Raphanus raphanistrum  subsp. sativus,2,subspecies,Accepted,,
156,Rhus copallinae,,Rhus copallinum,2,species,Accepted,,
331,Rhus radicantis,Rhus radicans,Toxicodendron radicans,2,species,Accepted,,
853,Ribes nigrae,,Ribes nigrum,2,species,Accepted,,
1013,Ribes rubrae,,Ribes rubrum,2,species,Accepted,,
1014,Ribes rubrae,,Ribes rubrum,2,species,Accepted,,
182,Ricini communis,,Ricinus communis,2,species,Accepted,,
665,Rubris strigosus,Rubus strigosus,Rubus idaeus  subsp. strigosus,2,subspecies,Accepted,,
83,Rubus glandulicola,Rubus glandulifolius,Rubus odoratus,4,species,Accepted,,
30,Rubus infestans,Rubus infestus,Rubus infestior,2,species,Accepted,,
403,Rubus setchuensis,,Rubus setchuenensis,2,species,Accepted,,
474,Rubus urticaefolius,,Rubus urticifolius,2,species,Accepted,,
857,Rueilla ciliosa,Ruellia ciliosa,Ruellia caroliniensis  subsp. ciliosa,2,subspecies,Accepted,,
314,Sabalis serrulata,Sabal serrulata,Serenoa repens,2,species,Accepted,,
315,Sabalis serrulatae,Sabal speciosa,Sabal minor,10,species,Accepted,,
989,Saccharina officinale,Saccharum officinale,Saccharum officinarum,3,species,Accepted,,
322,Sagittaria sagittaefolia,,Sagittaria sagittifolia,2,species,Accepted,,
298,Salex albae,,Salix alba,2,species,Accepted,,
925,Salice purpurea,,Salix purpurea,2,species,Accepted,,
858,Salvia glechomaefolia,,Salvia glechomifolia,2,species,Accepted,,
704,Saniculum bipinnatifida,,Sanicula bipinnatifida,2,species,Accepted,,
861,Saxifagra granulata,,Saxifraga granulata,2,species,Accepted,,
790,Saxipragae virginiensis,Saxifraga virginiensis,Micranthes virginiensis,2,species,Accepted,,
1152,Serataria glauca,Setaria glauca,Cenchrus americanus,2,species,Accepted,,
783,Shepardia canadensis,,Shepherdia canadensis,2,species,Accepted,,
160,Sicya angulatus,,Sicyos angulatus,2,species,Accepted,,
865,Sidae acutae,,Sida acuta,2,species,Accepted,,
820,Sidae spinosae,,Sida spinosa,2,species,Accepted,,
57,Sinapidis arvensis,,Sinapis arvensis,2,species,Accepted,,
58,Sisymbria officinale,,Sisymbrium officinale,2,species,Accepted,,
189,Sium cicutaefolium,Sium cicutifolium,Sium suave,2,species,Accepted,,
1051,Slex aquifolium,,Ilex aquifolium,1,species,Accepted,,
821,Solmiaea menziesii,,Tolmiea menziesii,2,species,Accepted,,
971,Sonchus asperis,Sonchus asper,Sonchus asper,2,species,Accepted,,
959,Sorbi torminalis,,Sorbus torminalis,2,species,Accepted,,
296,Spirea tomentosa,,Spiraea tomentosa,1,species,Accepted,,
193,Spomaea pandurata,,Ipomoea pandurata,2,species,Accepted,,
246,Spondea lutea,Spondias lutea,Spondias mombin,2,species,Accepted,,
370,Stachup palustris,,Stachys palustris,2,species,Accepted,,
1057,Steiroma ciliatum,Steironema ciliatum,Lysimachia ciliata,2,species,Accepted,,
494,Symphocaripos occidentalis,,Symphoricarpos occidentalis,3,species,Accepted,,
191,Symphocarpus racemosus,Symphoricarpos racemosus,Symphoricarpos albus,3,species,Accepted,,
15,Symphoricapri vulgaris,,Symphoricarpos vulgaris,3,species,Unchecked,,
253,Symphoricarpos orbicularis,,Symphoricarpos orbiculatus,2,species,Accepted,,
192,Symplocarpi foetidae,,Symplocarpus,10,genus,Accepted,,Symplocarpus foetidus
978,Symploci tinctoriae,,Symplocos,11,genus,Accepted,,Symplocos tinctoria
264,Taeonia herbacea,,Tetragonia herbacea,4,species,Accepted,,
867,Taraxaci officinalis,,Taraxacum,13,genus,Accepted,,Taraxacum officinale
898,Taraxicum dens,,Taraxacum dentex,4,species,Accepted,,
822,Taraxium vulgare,,Taraxacum vulgare,2,species,Unchecked,,
823,Taraxium vulgare,,Taraxacum vulgare,2,species,Unchecked,,
277,Taxodii distichi,,Taxodium,10,genus,Accepted,,
205,Tectoniae grandis,,Tectona grandis,2,species,Accepted,,
660,Tetrapanax papyriferum,,Tetrapanax papyrifer,2,species,Accepted,,
47,Thalictgri anemonoides,Thalictrum anemonoides,Anemonella thalictroides,3,species,Accepted,,
1093,Thalictrum alpini,,Thalictrum alpinum,2,species,Accepted,,
1094,Thalictrum alpini,Thalictrum albinii,Thalictrum speciosissimum  subsp. albini,2,subspecies,Accepted,,
366,Thalictrum anemoides,Thalictrum anemonoides,Anemonella thalictroides,2,species,Accepted,,
48,Thalictrum minoris,,Thalictrum morisonii,5,species,Accepted,,
708,Thaxinus pennsylvanica,,Fraxinus pennsylvanica,2,species,Accepted,,
437,Thespia populnea,,Thespesia populnea,2,species,Accepted,,
303,Thuya occidentalis,,Thuja occidentalis,1,species,Accepted,,
798,Tithonia tubiformis,,Tithonia tubaeformis,2,species,Accepted,,
202,Tragopogi pratensis,,Tragopogon pratensis,2,species,Accepted,,
1135,Trifolium repentis,,Trifolium repens,2,species,Accepted,,
1095,Trigonella foenum-graceum,,Trigonella foenum-graecum,2,species,Accepted,,
646,Tysanocarpa amplectens,Thysanocarpus amplectens,Thysanocarpus curvipes  subsp. amplectens,3,subspecies,Accepted,,
736,Urticae urentis,Urtica urentissima,Urtica spathulata,5,species,Accepted,,
725,Vaccinium myrtilli,,Vaccinium myrtillus,2,species,Accepted,,
527,Vaccinum vitus,,Vaccinium vitis-idaea,8,species,Accepted,,
14,Venguria spinosa,Vangueria spinosa,Meyna spinosa,2,species,Accepted,,
371,Verbeseria alternifolia,,Verbesina alternifolia,3,species,Accepted,,
372,Verbeseria alternifolia,Verbesina alternifolia,Verbesina robinsonii,3,species,Accepted,,
222,Vernon noveboracensis,,Vernonia noveboracensis,2,species,Accepted,,
864,Vernonia alamani,,Vernonia alamanii,1,species,Accepted,,
82,Vernoniae patentis,,Vernonia patentissima,5,species,Accepted,,
169,Vernoula baldwinii,,Vernonia baldwinii,2,species,Accepted,,
1002,Veronica capsulis,,Veronica,9,genus,Accepted,,
983,Versinica arvensis,,Veronica arvensis,2,species,Accepted,,
1060,Viburnum prunifoliae,,Viburnum prunifolium,2,species,Accepted,,
1102,Viccia cracca,,Vicia cracca,1,species,Accepted,,
914,Viola linguaefolia,Viola linguifolia,Viola praemorsa  var. major,2,variety,Accepted,,
242,Vitri vinifera,,Vitis vinifera,2,species,Accepted,,
77,Yuca brevifolia,,Yucca brevifolia,1,species,Accepted,,
654,Zizyphi jujubae,Zizyphon jujubum,Ziziphus jujuba,4,species,Accepted,,
271,Zizypus jujuba,,Ziziphus jujuba,2,species,Accepted,,
651,Zozyphus vulgaris,Ziziphus vulgaris,Ziziphus jujuba,2,species,Accepted,,
758,Zygodenus chloranthus,Zigadenus chloranthus,Anticlea elegans,2,species,Accepted,,